Suite/Test/Step Name,Browser,Description,Start time,End time,Duration,Status
Basic,Chrome 61.0.3163.100,,2560-11-07 13:32:07,2560-11-07 13:36:41,4m - 34.062s,FAILED
,,,,,,
Test Cases/1. Start Page (without login)/Single Verbatim without login,Chrome 61.0.3163.100,,2560-11-07 13:32:08,2560-11-07 13:32:57,49.216s,PASSED
openBrowser,Chrome 61.0.3163.100,,2560-11-07 13:32:08,2560-11-07 13:32:11,2.590s,PASSED
maximizeWindow,Chrome 61.0.3163.100,,2560-11-07 13:32:11,2560-11-07 13:32:11,0.310s,PASSED
navigateToUrl,Chrome 61.0.3163.100,,2560-11-07 13:32:11,2560-11-07 13:32:16,4.665s,PASSED
click,Chrome 61.0.3163.100,\u0E01\u0E14\u0E1B\u0E38\u0E48\u0E21 Predict,2560-11-07 13:32:16,2560-11-07 13:32:16,0.228s,PASSED
verifyElementPresent,Chrome 61.0.3163.100,\u0E22\u0E37\u0E19\u0E22\u0E31\u0E19\u0E02\u0E49\u0E2D\u0E04\u0E27\u0E32\u0E21\u0E41\u0E08\u0E49\u0E07\u0E40\u0E15\u0E37\u0E2D\u0E19 Verbatim is not null,2560-11-07 13:32:16,2560-11-07 13:32:16,0.236s,PASSED
setText,Chrome 61.0.3163.100,\u0E01\u0E23\u0E2D\u0E01\u0E02\u0E49\u0E2D\u0E04\u0E27\u0E32\u0E21 predict,2560-11-07 13:32:16,2560-11-07 13:32:17,0.356s,PASSED
click,Chrome 61.0.3163.100,\u0E01\u0E14\u0E1B\u0E38\u0E48\u0E21 Predict,2560-11-07 13:32:17,2560-11-07 13:32:17,0.063s,PASSED
verifyElementPresent,Chrome 61.0.3163.100,\u0E15\u0E23\u0E27\u0E08\u0E2A\u0E2D\u0E1A\u0E1C\u0E25\u0E25\u0E31\u0E1E\u0E18\u0E4C Predict ,2560-11-07 13:32:17,2560-11-07 13:32:37,19.718s,PASSED
verifyElementPresent,Chrome 61.0.3163.100,\u0E15\u0E23\u0E27\u0E08\u0E2A\u0E2D\u0E1A\u0E1C\u0E25\u0E25\u0E31\u0E1E\u0E18\u0E4C Predict ,2560-11-07 13:32:37,2560-11-07 13:32:37,0.073s,PASSED
setText,Chrome 61.0.3163.100,\u0E01\u0E23\u0E2D\u0E01\u0E02\u0E49\u0E2D\u0E04\u0E27\u0E32\u0E21 predict \u0E17\u0E35\u0E48\u0E40\u0E1B\u0E47\u0E19\u0E04\u0E33\u0E2B\u0E22\u0E32\u0E1A,2560-11-07 13:32:37,2560-11-07 13:32:37,0.418s,PASSED
click,Chrome 61.0.3163.100,\u0E01\u0E14\u0E1B\u0E38\u0E48\u0E21 Predict,2560-11-07 13:32:37,2560-11-07 13:32:37,0.102s,PASSED
verifyElementPresent,Chrome 61.0.3163.100,\u0E15\u0E23\u0E27\u0E08\u0E2A\u0E2D\u0E1A\u0E1C\u0E25\u0E25\u0E31\u0E1E\u0E18\u0E4C Predict ,2560-11-07 13:32:37,2560-11-07 13:32:57,19.693s,PASSED
verifyElementPresent,Chrome 61.0.3163.100,\u0E15\u0E23\u0E27\u0E08\u0E2A\u0E2D\u0E1A\u0E1C\u0E25\u0E25\u0E31\u0E1E\u0E18\u0E4C critical,2560-11-07 13:32:57,2560-11-07 13:32:57,0.103s,PASSED
closeBrowser,Chrome 61.0.3163.100,,2560-11-07 13:32:57,2560-11-07 13:32:57,0.003s,NOT_RUN
,,,,,,
Test Cases/2. Login/Sign Up,Chrome 61.0.3163.100,,2560-11-07 13:32:57,2560-11-07 13:33:13,15.802s,PASSED
openBrowser,Chrome 61.0.3163.100,\u0E40\u0E1B\u0E34\u0E14\u0E40\u0E1A\u0E23\u0E32\u0E40\u0E0B\u0E2D\u0E23\u0E4C,2560-11-07 13:32:58,2560-11-07 13:32:58,0.003s,NOT_RUN
maximizeWindow,Chrome 61.0.3163.100,\u0E02\u0E22\u0E32\u0E22\u0E2B\u0E19\u0E49\u0E32\u0E15\u0E48\u0E32\u0E07\u0E40\u0E1A\u0E23\u0E32\u0E40\u0E0B\u0E2D\u0E23\u0E4C,2560-11-07 13:32:58,2560-11-07 13:32:58,0.001s,NOT_RUN
navigateToUrl,Chrome 61.0.3163.100,\u0E40\u0E02\u0E49\u0E32\u0E2A\u0E39\u0E48 URL,2560-11-07 13:32:58,2560-11-07 13:32:58,0.001s,NOT_RUN
click,Chrome 61.0.3163.100,\u0E04\u0E25\u0E34\u0E01\u0E1B\u0E38\u0E48\u0E21 Login,2560-11-07 13:32:58,2560-11-07 13:32:58,0.172s,PASSED
scrollToElement,Chrome 61.0.3163.100,\u0E40\u0E25\u0E37\u0E48\u0E2D\u0E19\u0E2B\u0E19\u0E49\u0E32\u0E15\u0E48\u0E32\u0E07\u0E21\u0E32\u0E22\u0E31\u0E07\u0E1B\u0E38\u0E48\u0E21 Sign Up,2560-11-07 13:32:58,2560-11-07 13:32:58,0.089s,PASSED
click,Chrome 61.0.3163.100,\u0E04\u0E25\u0E34\u0E01\u0E1B\u0E38\u0E48\u0E21 Sign Up,2560-11-07 13:32:58,2560-11-07 13:32:58,0.163s,PASSED
Statement - date = new java.util.Date(),Chrome 61.0.3163.100,\u0E40\u0E01\u0E47\u0E1A\u0E40\u0E27\u0E25\u0E32\u0E1B\u0E31\u0E08\u0E38\u0E1A\u0E31\u0E19\u0E02\u0E2D\u0E07\u0E40\u0E04\u0E23\u0E37\u0E48\u0E2D\u0E07,2560-11-07 13:32:58,2560-11-07 13:32:58,0.016s,PASSED
Statement - df = new java.text.SimpleDateFormat(),Chrome 61.0.3163.100,\u0E40\u0E01\u0E47\u0E1A\u0E40\u0E27\u0E25\u0E32\u0E1B\u0E31\u0E08\u0E38\u0E1A\u0E31\u0E19\u0E02\u0E2D\u0E07\u0E40\u0E04\u0E23\u0E37\u0E48\u0E2D\u0E07,2560-11-07 13:32:58,2560-11-07 13:32:58,0.012s,PASSED
"Statement - df.applyPattern(""ddmmyyyyHHmmss"")",Chrome 61.0.3163.100,\u0E40\u0E01\u0E47\u0E1A\u0E40\u0E27\u0E25\u0E32\u0E1B\u0E31\u0E08\u0E38\u0E1A\u0E31\u0E19\u0E02\u0E2D\u0E07\u0E40\u0E04\u0E23\u0E37\u0E48\u0E2D\u0E07,2560-11-07 13:32:58,2560-11-07 13:32:58,0.006s,PASSED
setText,Chrome 61.0.3163.100,\u0E01\u0E23\u0E2D\u0E01 Username,2560-11-07 13:32:58,2560-11-07 13:32:58,0.272s,PASSED
setText,Chrome 61.0.3163.100,\u0E01\u0E23\u0E2D\u0E01\u0E23\u0E2B\u0E31\u0E2A\u0E1C\u0E48\u0E32\u0E19,2560-11-07 13:32:58,2560-11-07 13:32:59,0.221s,PASSED
setText,Chrome 61.0.3163.100,\u0E01\u0E23\u0E2D\u0E01\u0E22\u0E37\u0E19\u0E22\u0E31\u0E19\u0E23\u0E2B\u0E31\u0E2A\u0E1C\u0E48\u0E32\u0E19,2560-11-07 13:32:59,2560-11-07 13:32:59,0.431s,PASSED
setText,Chrome 61.0.3163.100,\u0E01\u0E23\u0E2D\u0E01\u0E0A\u0E37\u0E48\u0E2D,2560-11-07 13:32:59,2560-11-07 13:33:00,0.621s,PASSED
setText,Chrome 61.0.3163.100,\u0E01\u0E23\u0E2D\u0E01\u0E19\u0E32\u0E21\u0E2A\u0E01\u0E38\u0E25,2560-11-07 13:33:00,2560-11-07 13:33:00,0.256s,PASSED
setText,Chrome 61.0.3163.100,\u0E01\u0E23\u0E2D\u0E01\u0E2D\u0E35\u0E40\u0E21\u0E25,2560-11-07 13:33:00,2560-11-07 13:33:00,0.266s,PASSED
selectOptionByValue,Chrome 61.0.3163.100,\u0E40\u0E25\u0E37\u0E2D\u0E01\u0E04\u0E33\u0E16\u0E32\u0E21,2560-11-07 13:33:00,2560-11-07 13:33:00,0.237s,PASSED
setText,Chrome 61.0.3163.100,\u0E01\u0E23\u0E2D\u0E01\u0E04\u0E33\u0E15\u0E2D\u0E1A,2560-11-07 13:33:00,2560-11-07 13:33:01,0.180s,PASSED
verifyElementNotClickable,Chrome 61.0.3163.100,\u0E22\u0E37\u0E19\u0E22\u0E31\u0E19\u0E1B\u0E38\u0E48\u0E21 Sign Up \u0E44\u0E21\u0E48\u0E2A\u0E32\u0E21\u0E32\u0E23\u0E16\u0E04\u0E25\u0E34\u0E01\u0E44\u0E14\u0E49,2560-11-07 13:33:01,2560-11-07 13:33:01,0.068s,PASSED
uploadFile,Chrome 61.0.3163.100,\u0E40\u0E25\u0E37\u0E2D\u0E01\u0E23\u0E39\u0E1B\u0E20\u0E32\u0E1E\u0E08\u0E32\u0E01\u0E40\u0E04\u0E23\u0E37\u0E48\u0E2D\u0E07,2560-11-07 13:33:01,2560-11-07 13:33:01,0.092s,PASSED
setText,Chrome 61.0.3163.100,\u0E25\u0E1A\u0E02\u0E49\u0E2D\u0E04\u0E27\u0E32\u0E21\u0E43\u0E19\u0E01\u0E25\u0E48\u0E2D\u0E07\u0E02\u0E49\u0E2D\u0E04\u0E27\u0E32\u0E21 Username,2560-11-07 13:33:01,2560-11-07 13:33:01,0.092s,PASSED
sendKeys,Chrome 61.0.3163.100,\u0E25\u0E1A\u0E02\u0E49\u0E2D\u0E04\u0E27\u0E32\u0E21\u0E43\u0E19\u0E01\u0E25\u0E48\u0E2D\u0E07\u0E02\u0E49\u0E2D\u0E04\u0E27\u0E32\u0E21 Username,2560-11-07 13:33:01,2560-11-07 13:33:01,0.087s,PASSED
verifyElementNotClickable,Chrome 61.0.3163.100,\u0E22\u0E37\u0E19\u0E22\u0E31\u0E19\u0E1B\u0E38\u0E48\u0E21 Sign Up \u0E44\u0E21\u0E48\u0E2A\u0E32\u0E21\u0E32\u0E23\u0E16\u0E04\u0E25\u0E34\u0E01\u0E44\u0E14\u0E49,2560-11-07 13:33:01,2560-11-07 13:33:01,0.104s,PASSED
verifyElementPresent,Chrome 61.0.3163.100,\u0E22\u0E37\u0E19\u0E22\u0E31\u0E19\u0E01\u0E32\u0E23\u0E41\u0E08\u0E49\u0E07\u0E40\u0E15\u0E37\u0E2D\u0E19\u0E01\u0E25\u0E48\u0E2D\u0E07\u0E02\u0E49\u0E2D\u0E04\u0E27\u0E32\u0E21 Username \u0E27\u0E48\u0E32\u0E07,2560-11-07 13:33:01,2560-11-07 13:33:01,0.037s,PASSED
setText,Chrome 61.0.3163.100,\u0E01\u0E23\u0E2D\u0E01 Username,2560-11-07 13:33:01,2560-11-07 13:33:01,0.216s,PASSED
waitForElementClickable,Chrome 61.0.3163.100,\u0E23\u0E2D\u0E43\u0E2B\u0E49\u0E1B\u0E38\u0E48\u0E21 Sign Up \u0E2A\u0E32\u0E21\u0E32\u0E23\u0E16\u0E04\u0E25\u0E34\u0E01\u0E44\u0E14\u0E49,2560-11-07 13:33:01,2560-11-07 13:33:02,0.270s,PASSED
click,Chrome 61.0.3163.100,\u0E04\u0E25\u0E34\u0E01\u0E1B\u0E38\u0E48\u0E21 Sign Up,2560-11-07 13:33:02,2560-11-07 13:33:02,0.137s,PASSED
verifyElementPresent,Chrome 61.0.3163.100,\u0E22\u0E37\u0E19\u0E22\u0E31\u0E19\u0E01\u0E32\u0E23\u0E41\u0E08\u0E49\u0E07\u0E40\u0E15\u0E37\u0E2D\u0E19 Pop up,2560-11-07 13:33:02,2560-11-07 13:33:02,0.151s,PASSED
click,Chrome 61.0.3163.100,\u0E04\u0E25\u0E34\u0E01\u0E1B\u0E38\u0E48\u0E21\u0E1B\u0E34\u0E14 Pop up \u0E41\u0E08\u0E49\u0E07\u0E40\u0E15\u0E37\u0E2D\u0E19,2560-11-07 13:33:02,2560-11-07 13:33:02,0.211s,PASSED
setText,Chrome 61.0.3163.100,\u0E25\u0E1A\u0E02\u0E49\u0E2D\u0E04\u0E27\u0E32\u0E21\u0E43\u0E19\u0E01\u0E25\u0E48\u0E2D\u0E07\u0E02\u0E49\u0E2D\u0E04\u0E27\u0E32\u0E21 Password,2560-11-07 13:33:02,2560-11-07 13:33:02,0.308s,PASSED
sendKeys,Chrome 61.0.3163.100,\u0E25\u0E1A\u0E02\u0E49\u0E2D\u0E04\u0E27\u0E32\u0E21\u0E43\u0E19\u0E01\u0E25\u0E48\u0E2D\u0E07\u0E02\u0E49\u0E2D\u0E04\u0E27\u0E32\u0E21 Password,2560-11-07 13:33:02,2560-11-07 13:33:03,0.269s,PASSED
verifyElementNotClickable,Chrome 61.0.3163.100,\u0E22\u0E37\u0E19\u0E22\u0E31\u0E19\u0E1B\u0E38\u0E48\u0E21 Sign Up \u0E44\u0E21\u0E48\u0E2A\u0E32\u0E21\u0E32\u0E23\u0E16\u0E04\u0E25\u0E34\u0E01\u0E44\u0E14\u0E49,2560-11-07 13:33:03,2560-11-07 13:33:03,0.178s,PASSED
verifyElementPresent,Chrome 61.0.3163.100,\u0E22\u0E37\u0E19\u0E22\u0E31\u0E19\u0E01\u0E32\u0E23\u0E41\u0E08\u0E49\u0E07\u0E40\u0E15\u0E37\u0E2D\u0E19\u0E01\u0E25\u0E48\u0E2D\u0E07\u0E02\u0E49\u0E2D\u0E04\u0E27\u0E32\u0E21 Password \u0E27\u0E48\u0E32\u0E07,2560-11-07 13:33:03,2560-11-07 13:33:03,0.209s,PASSED
setText,Chrome 61.0.3163.100,\u0E01\u0E23\u0E2D\u0E01\u0E23\u0E2B\u0E31\u0E2A\u0E1C\u0E48\u0E32\u0E19,2560-11-07 13:33:03,2560-11-07 13:33:03,0.279s,PASSED
setText,Chrome 61.0.3163.100,\u0E01\u0E23\u0E2D\u0E01\u0E22\u0E37\u0E19\u0E22\u0E31\u0E19\u0E23\u0E2B\u0E31\u0E2A\u0E1C\u0E48\u0E32\u0E19\u0E44\u0E21\u0E48\u0E43\u0E2B\u0E49\u0E15\u0E23\u0E07\u0E01\u0E31\u0E19\u0E01\u0E31\u0E1A\u0E0A\u0E48\u0E2D\u0E07\u0E23\u0E2B\u0E31\u0E2A\u0E1C\u0E48\u0E32\u0E19,2560-11-07 13:33:03,2560-11-07 13:33:04,0.247s,PASSED
verifyElementNotClickable,Chrome 61.0.3163.100,\u0E22\u0E37\u0E19\u0E22\u0E31\u0E19\u0E1B\u0E38\u0E48\u0E21 Sign Up \u0E44\u0E21\u0E48\u0E2A\u0E32\u0E21\u0E32\u0E23\u0E16\u0E04\u0E25\u0E34\u0E01\u0E44\u0E14\u0E49,2560-11-07 13:33:04,2560-11-07 13:33:04,0.154s,PASSED
verifyElementPresent,Chrome 61.0.3163.100,\u0E22\u0E37\u0E19\u0E22\u0E31\u0E19\u0E02\u0E49\u0E2D\u0E04\u0E27\u0E32\u0E21\u0E41\u0E08\u0E49\u0E07\u0E40\u0E15\u0E37\u0E2D\u0E19\u0E23\u0E2B\u0E31\u0E2A\u0E1C\u0E48\u0E32\u0E19\u0E44\u0E21\u0E48\u0E15\u0E23\u0E07\u0E01\u0E31\u0E19\u0E01\u0E31\u0E1A\u0E22\u0E37\u0E19\u0E22\u0E31\u0E19\u0E23\u0E2B\u0E31\u0E2A\u0E1C\u0E48\u0E32\u0E19,2560-11-07 13:33:04,2560-11-07 13:33:04,0.049s,PASSED
setText,Chrome 61.0.3163.100,\u0E25\u0E1A\u0E02\u0E49\u0E2D\u0E04\u0E27\u0E32\u0E21\u0E43\u0E19\u0E01\u0E25\u0E48\u0E2D\u0E07\u0E02\u0E49\u0E2D\u0E04\u0E27\u0E32\u0E21\u0E22\u0E37\u0E19\u0E22\u0E31\u0E19\u0E23\u0E2B\u0E31\u0E2A\u0E1C\u0E48\u0E32\u0E19,2560-11-07 13:33:04,2560-11-07 13:33:04,0.308s,PASSED
sendKeys,Chrome 61.0.3163.100,\u0E25\u0E1A\u0E02\u0E49\u0E2D\u0E04\u0E27\u0E32\u0E21\u0E43\u0E19\u0E01\u0E25\u0E48\u0E2D\u0E07\u0E02\u0E49\u0E2D\u0E04\u0E27\u0E32\u0E21\u0E22\u0E37\u0E19\u0E22\u0E31\u0E19\u0E23\u0E2B\u0E31\u0E2A\u0E1C\u0E48\u0E32\u0E19,2560-11-07 13:33:04,2560-11-07 13:33:04,0.275s,PASSED
verifyElementNotClickable,Chrome 61.0.3163.100,\u0E22\u0E37\u0E19\u0E22\u0E31\u0E19\u0E1B\u0E38\u0E48\u0E21 Sign Up \u0E44\u0E21\u0E48\u0E2A\u0E32\u0E21\u0E32\u0E23\u0E16\u0E04\u0E25\u0E34\u0E01\u0E44\u0E14\u0E49,2560-11-07 13:33:04,2560-11-07 13:33:04,0.026s,PASSED
verifyElementPresent,Chrome 61.0.3163.100,\u0E22\u0E37\u0E19\u0E22\u0E31\u0E19\u0E02\u0E49\u0E2D\u0E04\u0E27\u0E32\u0E21\u0E41\u0E08\u0E49\u0E07\u0E40\u0E15\u0E37\u0E2D\u0E19\u0E23\u0E2B\u0E31\u0E2A\u0E1C\u0E48\u0E32\u0E19\u0E44\u0E21\u0E48\u0E15\u0E23\u0E07\u0E01\u0E31\u0E19\u0E01\u0E31\u0E1A\u0E22\u0E37\u0E19\u0E22\u0E31\u0E19\u0E23\u0E2B\u0E31\u0E2A\u0E1C\u0E48\u0E32\u0E19,2560-11-07 13:33:04,2560-11-07 13:33:05,0.159s,PASSED
setText,Chrome 61.0.3163.100,\u0E01\u0E23\u0E2D\u0E01\u0E22\u0E37\u0E19\u0E22\u0E31\u0E19\u0E23\u0E2B\u0E31\u0E2A\u0E1C\u0E48\u0E32\u0E19\u0E43\u0E2B\u0E49\u0E15\u0E23\u0E07\u0E01\u0E31\u0E19\u0E01\u0E31\u0E1A\u0E0A\u0E48\u0E2D\u0E07\u0E23\u0E2B\u0E31\u0E2A\u0E1C\u0E48\u0E32\u0E19,2560-11-07 13:33:05,2560-11-07 13:33:05,0.098s,PASSED
setText,Chrome 61.0.3163.100,\u0E25\u0E1A\u0E02\u0E49\u0E2D\u0E04\u0E27\u0E32\u0E21\u0E43\u0E19\u0E01\u0E25\u0E48\u0E2D\u0E07\u0E02\u0E49\u0E2D\u0E04\u0E27\u0E32\u0E21\u0E0A\u0E37\u0E48\u0E2D,2560-11-07 13:33:05,2560-11-07 13:33:05,0.099s,PASSED
sendKeys,Chrome 61.0.3163.100,\u0E25\u0E1A\u0E02\u0E49\u0E2D\u0E04\u0E27\u0E32\u0E21\u0E43\u0E19\u0E01\u0E25\u0E48\u0E2D\u0E07\u0E02\u0E49\u0E2D\u0E04\u0E27\u0E32\u0E21\u0E0A\u0E37\u0E48\u0E2D,2560-11-07 13:33:05,2560-11-07 13:33:05,0.248s,PASSED
verifyElementNotClickable,Chrome 61.0.3163.100,\u0E22\u0E37\u0E19\u0E22\u0E31\u0E19\u0E1B\u0E38\u0E48\u0E21 Sign Up \u0E44\u0E21\u0E48\u0E2A\u0E32\u0E21\u0E32\u0E23\u0E16\u0E04\u0E25\u0E34\u0E01\u0E44\u0E14\u0E49,2560-11-07 13:33:05,2560-11-07 13:33:05,0.031s,PASSED
verifyElementPresent,Chrome 61.0.3163.100,\u0E22\u0E37\u0E19\u0E22\u0E31\u0E19\u0E01\u0E32\u0E23\u0E41\u0E08\u0E49\u0E07\u0E40\u0E15\u0E37\u0E2D\u0E19\u0E01\u0E25\u0E48\u0E2D\u0E07\u0E02\u0E49\u0E2D\u0E04\u0E27\u0E32\u0E21 Firstname \u0E27\u0E48\u0E32\u0E07,2560-11-07 13:33:05,2560-11-07 13:33:05,0.278s,PASSED
setText,Chrome 61.0.3163.100,\u0E01\u0E23\u0E2D\u0E01\u0E0A\u0E37\u0E48\u0E2D\u0E40\u0E1B\u0E47\u0E19\u0E15\u0E31\u0E27\u0E40\u0E25\u0E02,2560-11-07 13:33:05,2560-11-07 13:33:06,0.356s,PASSED
verifyElementNotClickable,Chrome 61.0.3163.100,\u0E22\u0E37\u0E19\u0E22\u0E31\u0E19\u0E1B\u0E38\u0E48\u0E21 Sign Up \u0E44\u0E21\u0E48\u0E2A\u0E32\u0E21\u0E32\u0E23\u0E16\u0E04\u0E25\u0E34\u0E01\u0E44\u0E14\u0E49,2560-11-07 13:33:06,2560-11-07 13:33:06,0.043s,PASSED
verifyElementPresent,Chrome 61.0.3163.100,\u0E22\u0E37\u0E19\u0E22\u0E31\u0E19\u0E01\u0E32\u0E23\u0E41\u0E08\u0E49\u0E07\u0E40\u0E15\u0E37\u0E2D\u0E19\u0E01\u0E25\u0E48\u0E2D\u0E07\u0E02\u0E49\u0E2D\u0E04\u0E27\u0E32\u0E21 Firstname \u0E44\u0E21\u0E48\u0E2A\u0E32\u0E21\u0E32\u0E23\u0E16\u0E01\u0E23\u0E2D\u0E01\u0E15\u0E31\u0E27\u0E40\u0E25\u0E02\u0E44\u0E14\u0E49,2560-11-07 13:33:06,2560-11-07 13:33:06,0.214s,PASSED
setText,Chrome 61.0.3163.100,\u0E01\u0E23\u0E2D\u0E01\u0E0A\u0E37\u0E48\u0E2D,2560-11-07 13:33:06,2560-11-07 13:33:06,0.307s,PASSED
setText,Chrome 61.0.3163.100,\u0E25\u0E1A\u0E02\u0E49\u0E2D\u0E04\u0E27\u0E32\u0E21\u0E43\u0E19\u0E01\u0E25\u0E48\u0E2D\u0E07\u0E02\u0E49\u0E2D\u0E04\u0E27\u0E32\u0E21\u0E19\u0E32\u0E21\u0E2A\u0E01\u0E38\u0E25,2560-11-07 13:33:06,2560-11-07 13:33:07,0.307s,PASSED
sendKeys,Chrome 61.0.3163.100,\u0E25\u0E1A\u0E02\u0E49\u0E2D\u0E04\u0E27\u0E32\u0E21\u0E43\u0E19\u0E01\u0E25\u0E48\u0E2D\u0E07\u0E02\u0E49\u0E2D\u0E04\u0E27\u0E32\u0E21\u0E19\u0E32\u0E21\u0E2A\u0E01\u0E38\u0E25,2560-11-07 13:33:07,2560-11-07 13:33:07,0.056s,PASSED
verifyElementNotClickable,Chrome 61.0.3163.100,\u0E22\u0E37\u0E19\u0E22\u0E31\u0E19\u0E1B\u0E38\u0E48\u0E21 Sign Up \u0E44\u0E21\u0E48\u0E2A\u0E32\u0E21\u0E32\u0E23\u0E16\u0E04\u0E25\u0E34\u0E01\u0E44\u0E14\u0E49,2560-11-07 13:33:07,2560-11-07 13:33:07,0.024s,PASSED
verifyElementPresent,Chrome 61.0.3163.100,\u0E22\u0E37\u0E19\u0E22\u0E31\u0E19\u0E01\u0E32\u0E23\u0E41\u0E08\u0E49\u0E07\u0E40\u0E15\u0E37\u0E2D\u0E19\u0E01\u0E25\u0E48\u0E2D\u0E07\u0E02\u0E49\u0E2D\u0E04\u0E27\u0E32\u0E21 Lastname \u0E27\u0E48\u0E32\u0E07,2560-11-07 13:33:07,2560-11-07 13:33:07,0.048s,PASSED
setText,Chrome 61.0.3163.100,\u0E01\u0E23\u0E2D\u0E01\u0E23\u0E2B\u0E31\u0E2A\u0E1C\u0E48\u0E32\u0E19\u0E40\u0E1B\u0E47\u0E19\u0E15\u0E31\u0E27\u0E40\u0E25\u0E02,2560-11-07 13:33:07,2560-11-07 13:33:07,0.435s,PASSED
verifyElementNotClickable,Chrome 61.0.3163.100,\u0E22\u0E37\u0E19\u0E22\u0E31\u0E19\u0E1B\u0E38\u0E48\u0E21 Sign Up \u0E44\u0E21\u0E48\u0E2A\u0E32\u0E21\u0E32\u0E23\u0E16\u0E04\u0E25\u0E34\u0E01\u0E44\u0E14\u0E49,2560-11-07 13:33:07,2560-11-07 13:33:08,0.045s,PASSED
verifyElementPresent,Chrome 61.0.3163.100,\u0E22\u0E37\u0E19\u0E22\u0E31\u0E19\u0E01\u0E32\u0E23\u0E41\u0E08\u0E49\u0E07\u0E40\u0E15\u0E37\u0E2D\u0E19\u0E01\u0E25\u0E48\u0E2D\u0E07\u0E02\u0E49\u0E2D\u0E04\u0E27\u0E32\u0E21 Lastname \u0E44\u0E21\u0E48\u0E2A\u0E32\u0E21\u0E32\u0E23\u0E16\u0E01\u0E23\u0E2D\u0E01\u0E15\u0E31\u0E27\u0E40\u0E25\u0E02\u0E44\u0E14\u0E49,2560-11-07 13:33:08,2560-11-07 13:33:08,0.039s,PASSED
setText,Chrome 61.0.3163.100,\u0E01\u0E23\u0E2D\u0E01\u0E19\u0E32\u0E21\u0E2A\u0E01\u0E38\u0E25,2560-11-07 13:33:08,2560-11-07 13:33:08,0.321s,PASSED
setText,Chrome 61.0.3163.100,\u0E25\u0E1A\u0E02\u0E49\u0E2D\u0E04\u0E27\u0E32\u0E21\u0E43\u0E19\u0E01\u0E25\u0E48\u0E2D\u0E07\u0E02\u0E49\u0E2D\u0E04\u0E27\u0E32\u0E21\u0E2D\u0E35\u0E40\u0E21\u0E25,2560-11-07 13:33:08,2560-11-07 13:33:08,0.388s,PASSED
sendKeys,Chrome 61.0.3163.100,\u0E25\u0E1A\u0E02\u0E49\u0E2D\u0E04\u0E27\u0E32\u0E21\u0E43\u0E19\u0E01\u0E25\u0E48\u0E2D\u0E07\u0E02\u0E49\u0E2D\u0E04\u0E27\u0E32\u0E21\u0E2D\u0E35\u0E40\u0E21\u0E25,2560-11-07 13:33:08,2560-11-07 13:33:09,0.063s,PASSED
verifyElementNotClickable,Chrome 61.0.3163.100,\u0E22\u0E37\u0E19\u0E22\u0E31\u0E19\u0E1B\u0E38\u0E48\u0E21 Sign Up \u0E44\u0E21\u0E48\u0E2A\u0E32\u0E21\u0E32\u0E23\u0E16\u0E04\u0E25\u0E34\u0E01\u0E44\u0E14\u0E49,2560-11-07 13:33:09,2560-11-07 13:33:09,0.279s,PASSED
verifyElementPresent,Chrome 61.0.3163.100,\u0E22\u0E37\u0E19\u0E22\u0E31\u0E19\u0E01\u0E32\u0E23\u0E41\u0E08\u0E49\u0E07\u0E40\u0E15\u0E37\u0E2D\u0E19\u0E01\u0E25\u0E48\u0E2D\u0E07\u0E02\u0E49\u0E2D\u0E04\u0E27\u0E32\u0E21 Email \u0E27\u0E48\u0E32\u0E07,2560-11-07 13:33:09,2560-11-07 13:33:09,0.041s,PASSED
setText,Chrome 61.0.3163.100,\u0E01\u0E23\u0E2D\u0E01 Email \u0E44\u0E21\u0E48\u0E21\u0E35 @,2560-11-07 13:33:09,2560-11-07 13:33:09,0.634s,PASSED
verifyElementNotClickable,Chrome 61.0.3163.100,\u0E22\u0E37\u0E19\u0E22\u0E31\u0E19\u0E1B\u0E38\u0E48\u0E21 Sign Up \u0E44\u0E21\u0E48\u0E2A\u0E32\u0E21\u0E32\u0E23\u0E16\u0E04\u0E25\u0E34\u0E01\u0E44\u0E14\u0E49,2560-11-07 13:33:09,2560-11-07 13:33:09,0.026s,PASSED
verifyElementPresent,Chrome 61.0.3163.100,\u0E22\u0E37\u0E19\u0E22\u0E31\u0E19\u0E02\u0E49\u0E2D\u0E04\u0E27\u0E32\u0E21\u0E41\u0E08\u0E49\u0E07\u0E40\u0E15\u0E37\u0E2D\u0E19\u0E23\u0E39\u0E1B\u0E41\u0E1A\u0E1A Email \u0E1C\u0E34\u0E14\u0E1E\u0E25\u0E32\u0E14,2560-11-07 13:33:09,2560-11-07 13:33:10,0.204s,PASSED
setText,Chrome 61.0.3163.100,\u0E01\u0E23\u0E2D\u0E01 Email,2560-11-07 13:33:10,2560-11-07 13:33:10,0.141s,PASSED
selectOptionByIndex,Chrome 61.0.3163.100,\u0E44\u0E21\u0E48\u0E40\u0E25\u0E37\u0E2D\u0E01\u0E04\u0E33\u0E16\u0E32\u0E21,2560-11-07 13:33:10,2560-11-07 13:33:10,0.148s,PASSED
verifyElementNotClickable,Chrome 61.0.3163.100,\u0E22\u0E37\u0E19\u0E22\u0E31\u0E19\u0E1B\u0E38\u0E48\u0E21 Sign Up \u0E44\u0E21\u0E48\u0E2A\u0E32\u0E21\u0E32\u0E23\u0E16\u0E04\u0E25\u0E34\u0E01\u0E44\u0E14\u0E49,2560-11-07 13:33:10,2560-11-07 13:33:10,0.062s,PASSED
verifyElementPresent,Chrome 61.0.3163.100,\u0E22\u0E37\u0E19\u0E22\u0E31\u0E19\u0E01\u0E32\u0E23\u0E41\u0E08\u0E49\u0E07\u0E40\u0E15\u0E37\u0E2D\u0E19 Question \u0E44\u0E21\u0E48\u0E44\u0E14\u0E49\u0E40\u0E25\u0E37\u0E2D\u0E01\u0E44\u0E27\u0E49,2560-11-07 13:33:10,2560-11-07 13:33:10,0.055s,PASSED
selectOptionByValue,Chrome 61.0.3163.100,\u0E40\u0E25\u0E37\u0E2D\u0E01\u0E04\u0E33\u0E16\u0E32\u0E21\u0E17\u0E35\u0E48 1,2560-11-07 13:33:10,2560-11-07 13:33:11,0.408s,PASSED
setText,Chrome 61.0.3163.100,\u0E25\u0E1A\u0E02\u0E49\u0E2D\u0E04\u0E27\u0E32\u0E21\u0E43\u0E19\u0E01\u0E25\u0E48\u0E2D\u0E07\u0E02\u0E49\u0E2D\u0E04\u0E27\u0E32\u0E21\u0E04\u0E33\u0E15\u0E2D\u0E1A,2560-11-07 13:33:11,2560-11-07 13:33:11,0.318s,PASSED
sendKeys,Chrome 61.0.3163.100,\u0E25\u0E1A\u0E02\u0E49\u0E2D\u0E04\u0E27\u0E32\u0E21\u0E43\u0E19\u0E01\u0E25\u0E48\u0E2D\u0E07\u0E02\u0E49\u0E2D\u0E04\u0E27\u0E32\u0E21\u0E04\u0E33\u0E15\u0E2D\u0E1A,2560-11-07 13:33:11,2560-11-07 13:33:11,0.050s,PASSED
verifyElementNotClickable,Chrome 61.0.3163.100,\u0E22\u0E37\u0E19\u0E22\u0E31\u0E19\u0E1B\u0E38\u0E48\u0E21 Sign Up \u0E44\u0E21\u0E48\u0E2A\u0E32\u0E21\u0E32\u0E23\u0E16\u0E04\u0E25\u0E34\u0E01\u0E44\u0E14\u0E49,2560-11-07 13:33:11,2560-11-07 13:33:11,0.215s,PASSED
verifyElementPresent,Chrome 61.0.3163.100,\u0E22\u0E37\u0E19\u0E22\u0E31\u0E19\u0E01\u0E32\u0E23\u0E41\u0E08\u0E49\u0E07\u0E40\u0E15\u0E37\u0E2D\u0E19\u0E01\u0E25\u0E48\u0E2D\u0E07\u0E02\u0E49\u0E2D\u0E04\u0E27\u0E32\u0E21 Answer \u0E27\u0E48\u0E32\u0E07,2560-11-07 13:33:11,2560-11-07 13:33:11,0.032s,PASSED
setText,Chrome 61.0.3163.100,\u0E01\u0E23\u0E2D\u0E01\u0E04\u0E33\u0E15\u0E2D\u0E1A,2560-11-07 13:33:11,2560-11-07 13:33:11,0.308s,PASSED
setText,Chrome 61.0.3163.100,\u0E01\u0E23\u0E2D\u0E01 Username,2560-11-07 13:33:11,2560-11-07 13:33:12,0.410s,PASSED
click,Chrome 61.0.3163.100,\u0E01\u0E14\u0E1B\u0E38\u0E48\u0E21 Sign Up,2560-11-07 13:33:12,2560-11-07 13:33:12,0.103s,PASSED
verifyElementPresent,Chrome 61.0.3163.100,\u0E15\u0E23\u0E27\u0E08\u0E2A\u0E2D\u0E1A\u0E01\u0E32\u0E23\u0E41\u0E08\u0E49\u0E07\u0E40\u0E15\u0E37\u0E2D\u0E19\u0E41\u0E1A\u0E1A Pop up \u0E42\u0E14\u0E22\u0E21\u0E35\u0E02\u0E49\u0E2D\u0E04\u0E27\u0E32\u0E21\u0E27\u0E48\u0E32 Successful,2560-11-07 13:33:12,2560-11-07 13:33:13,0.642s,PASSED
click,Chrome 61.0.3163.100,\u0E01\u0E14\u0E1B\u0E38\u0E48\u0E21\u0E1B\u0E34\u0E14\u0E01\u0E32\u0E23\u0E41\u0E08\u0E49\u0E07\u0E40\u0E15\u0E37\u0E2D\u0E19\u0E41\u0E1A\u0E1A Pop up,2560-11-07 13:33:13,2560-11-07 13:33:13,0.142s,PASSED
scrollToElement,Chrome 61.0.3163.100,\u0E40\u0E25\u0E37\u0E48\u0E2D\u0E19\u0E2B\u0E19\u0E49\u0E32\u0E08\u0E2D\u0E02\u0E36\u0E49\u0E19\u0E44\u0E1B\u0E2B\u0E32\u0E1B\u0E38\u0E48\u0E21 Login,2560-11-07 13:33:13,2560-11-07 13:33:13,0.060s,PASSED
closeBrowser,Chrome 61.0.3163.100,\u0E1B\u0E34\u0E14\u0E40\u0E1A\u0E23\u0E32\u0E40\u0E0B\u0E2D\u0E23\u0E4C,2560-11-07 13:33:13,2560-11-07 13:33:13,0.000s,NOT_RUN
,,,,,,
Test Cases/2. Login/Login,Chrome 61.0.3163.100,,2560-11-07 13:33:13,2560-11-07 13:33:17,4.446s,PASSED
openBrowser,Chrome 61.0.3163.100,\u0E40\u0E1B\u0E34\u0E14\u0E40\u0E1A\u0E23\u0E32\u0E40\u0E0B\u0E2D\u0E23\u0E4C,2560-11-07 13:33:13,2560-11-07 13:33:13,0.000s,NOT_RUN
maximizeWindow,Chrome 61.0.3163.100,\u0E02\u0E22\u0E32\u0E22\u0E2B\u0E19\u0E49\u0E32\u0E15\u0E48\u0E32\u0E07\u0E40\u0E1A\u0E23\u0E32\u0E40\u0E0B\u0E2D\u0E23\u0E4C,2560-11-07 13:33:13,2560-11-07 13:33:13,0.001s,NOT_RUN
navigateToUrl,Chrome 61.0.3163.100,\u0E40\u0E02\u0E49\u0E32\u0E2A\u0E39\u0E48 URL,2560-11-07 13:33:13,2560-11-07 13:33:13,0.001s,NOT_RUN
click,Chrome 61.0.3163.100,\u0E01\u0E14\u0E1B\u0E38\u0E48\u0E21 login,2560-11-07 13:33:13,2560-11-07 13:33:13,0.160s,PASSED
setText,Chrome 61.0.3163.100,\u0E01\u0E23\u0E2D\u0E01\u0E23\u0E2B\u0E31\u0E2A\u0E1C\u0E48\u0E32\u0E19,2560-11-07 13:33:13,2560-11-07 13:33:14,0.360s,PASSED
submit,Chrome 61.0.3163.100,\u0E01\u0E14\u0E1B\u0E38\u0E48\u0E21 Login,2560-11-07 13:33:14,2560-11-07 13:33:14,0.070s,PASSED
verifyElementPresent,Chrome 61.0.3163.100,\u0E22\u0E37\u0E19\u0E22\u0E31\u0E19\u0E02\u0E49\u0E2D\u0E04\u0E27\u0E32\u0E21\u0E41\u0E08\u0E49\u0E07\u0E40\u0E15\u0E37\u0E2D\u0E19 Username is not null,2560-11-07 13:33:14,2560-11-07 13:33:14,0.082s,PASSED
setText,Chrome 61.0.3163.100,\u0E01\u0E23\u0E2D\u0E01 Username ,2560-11-07 13:33:14,2560-11-07 13:33:14,0.187s,PASSED
submit,Chrome 61.0.3163.100,\u0E01\u0E14\u0E1B\u0E38\u0E48\u0E21 Login,2560-11-07 13:33:14,2560-11-07 13:33:14,0.026s,PASSED
verifyElementPresent,Chrome 61.0.3163.100,\u0E22\u0E37\u0E19\u0E22\u0E31\u0E19\u0E02\u0E49\u0E2D\u0E04\u0E27\u0E32\u0E21\u0E41\u0E08\u0E49\u0E07\u0E40\u0E15\u0E37\u0E2D\u0E19 User Not Found,2560-11-07 13:33:14,2560-11-07 13:33:15,0.542s,PASSED
setText,Chrome 61.0.3163.100,\u0E01\u0E23\u0E2D\u0E01 Username,2560-11-07 13:33:15,2560-11-07 13:33:15,0.076s,PASSED
setText,Chrome 61.0.3163.100,\u0E01\u0E23\u0E2D\u0E01\u0E23\u0E2B\u0E31\u0E2A\u0E1C\u0E48\u0E32\u0E19,2560-11-07 13:33:15,2560-11-07 13:33:15,0.101s,PASSED
submit,Chrome 61.0.3163.100,\u0E01\u0E14\u0E1B\u0E38\u0E48\u0E21 Login,2560-11-07 13:33:15,2560-11-07 13:33:15,0.102s,PASSED
verifyElementPresent,Chrome 61.0.3163.100,\u0E22\u0E37\u0E19\u0E22\u0E31\u0E19\u0E02\u0E49\u0E2D\u0E04\u0E27\u0E32\u0E21\u0E41\u0E08\u0E49\u0E07\u0E40\u0E15\u0E37\u0E2D\u0E19 User Not Activate,2560-11-07 13:33:15,2560-11-07 13:33:15,0.551s,PASSED
setText,Chrome 61.0.3163.100,\u0E01\u0E23\u0E2D\u0E01 Username,2560-11-07 13:33:15,2560-11-07 13:33:16,0.084s,PASSED
setText,Chrome 61.0.3163.100,\u0E25\u0E1A\u0E02\u0E49\u0E2D\u0E04\u0E27\u0E32\u0E21\u0E43\u0E19\u0E01\u0E25\u0E48\u0E2D\u0E07\u0E02\u0E49\u0E2D\u0E04\u0E27\u0E32\u0E21\u0E23\u0E2B\u0E31\u0E2A\u0E1C\u0E48\u0E32\u0E19,2560-11-07 13:33:16,2560-11-07 13:33:16,0.085s,PASSED
sendKeys,Chrome 61.0.3163.100,\u0E25\u0E1A\u0E02\u0E49\u0E2D\u0E04\u0E27\u0E32\u0E21\u0E43\u0E19\u0E01\u0E25\u0E48\u0E2D\u0E07\u0E02\u0E49\u0E2D\u0E04\u0E27\u0E32\u0E21\u0E23\u0E2B\u0E31\u0E2A\u0E1C\u0E48\u0E32\u0E19,2560-11-07 13:33:16,2560-11-07 13:33:16,0.041s,PASSED
submit,Chrome 61.0.3163.100,\u0E01\u0E14\u0E1B\u0E38\u0E48\u0E21 Login,2560-11-07 13:33:16,2560-11-07 13:33:16,0.041s,PASSED
verifyElementPresent,Chrome 61.0.3163.100,\u0E22\u0E37\u0E19\u0E22\u0E31\u0E19\u0E02\u0E49\u0E2D\u0E04\u0E27\u0E32\u0E21\u0E41\u0E08\u0E49\u0E07\u0E40\u0E15\u0E37\u0E2D\u0E19 Password is not null,2560-11-07 13:33:16,2560-11-07 13:33:16,0.040s,PASSED
setText,Chrome 61.0.3163.100,\u0E01\u0E23\u0E2D\u0E01\u0E23\u0E2B\u0E31\u0E2A\u0E1C\u0E48\u0E32\u0E19,2560-11-07 13:33:16,2560-11-07 13:33:16,0.084s,PASSED
submit,Chrome 61.0.3163.100,\u0E01\u0E14\u0E1B\u0E38\u0E48\u0E21 Login,2560-11-07 13:33:16,2560-11-07 13:33:16,0.138s,PASSED
verifyElementPresent,Chrome 61.0.3163.100,\u0E22\u0E37\u0E19\u0E22\u0E31\u0E19\u0E02\u0E49\u0E2D\u0E04\u0E27\u0E32\u0E21\u0E41\u0E08\u0E49\u0E07\u0E40\u0E15\u0E37\u0E2D\u0E19 Incorrect Password\r\n,2560-11-07 13:33:16,2560-11-07 13:33:17,0.543s,PASSED
setText,Chrome 61.0.3163.100,\u0E01\u0E23\u0E2D\u0E01\u0E23\u0E2B\u0E31\u0E2A\u0E1C\u0E48\u0E32\u0E19,2560-11-07 13:33:17,2560-11-07 13:33:17,0.113s,PASSED
submit,Chrome 61.0.3163.100,\u0E01\u0E14\u0E1B\u0E38\u0E48\u0E21 Login,2560-11-07 13:33:17,2560-11-07 13:33:17,0.030s,PASSED
verifyElementPresent,Chrome 61.0.3163.100,\u0E15\u0E23\u0E27\u0E08\u0E2A\u0E2D\u0E1A\u0E27\u0E48\u0E32\u0E21\u0E35\u0E40\u0E21\u0E19\u0E39 Help \u0E2B\u0E25\u0E31\u0E07\u0E08\u0E32\u0E01 Login \u0E2A\u0E33\u0E40\u0E23\u0E47\u0E08,2560-11-07 13:33:17,2560-11-07 13:33:17,0.545s,PASSED
closeBrowser,Chrome 61.0.3163.100,\u0E1B\u0E34\u0E14\u0E40\u0E1A\u0E23\u0E32\u0E40\u0E0B\u0E2D\u0E23\u0E4C,2560-11-07 13:33:17,2560-11-07 13:33:17,0.000s,NOT_RUN
,,,,,,
Test Cases/3. Menu Text Prediction/Single Verbatim with login,Chrome 61.0.3163.100,,2560-11-07 13:33:17,2560-11-07 13:33:56,38.595s,PASSED
openBrowser,Chrome 61.0.3163.100,,2560-11-07 13:33:18,2560-11-07 13:33:18,0.001s,NOT_RUN
maximizeWindow,Chrome 61.0.3163.100,,2560-11-07 13:33:18,2560-11-07 13:33:18,0.001s,NOT_RUN
navigateToUrl,Chrome 61.0.3163.100,,2560-11-07 13:33:18,2560-11-07 13:33:18,0.000s,NOT_RUN
click,Chrome 61.0.3163.100,,2560-11-07 13:33:18,2560-11-07 13:33:18,0.001s,NOT_RUN
setText,Chrome 61.0.3163.100,,2560-11-07 13:33:18,2560-11-07 13:33:18,0.000s,NOT_RUN
setText,Chrome 61.0.3163.100,login,2560-11-07 13:33:18,2560-11-07 13:33:18,0.004s,NOT_RUN
click,Chrome 61.0.3163.100,,2560-11-07 13:33:18,2560-11-07 13:33:18,0.040s,NOT_RUN
click,Chrome 61.0.3163.100,\u0E01\u0E14\u0E1B\u0E38\u0E48\u0E21 Predict,2560-11-07 13:33:18,2560-11-07 13:33:18,0.243s,PASSED
verifyElementPresent,Chrome 61.0.3163.100,\u0E22\u0E37\u0E19\u0E22\u0E31\u0E19\u0E02\u0E49\u0E2D\u0E04\u0E27\u0E32\u0E21\u0E41\u0E08\u0E49\u0E07\u0E40\u0E15\u0E37\u0E2D\u0E19 Verbatim is not null,2560-11-07 13:33:18,2560-11-07 13:33:18,0.059s,PASSED
setText,Chrome 61.0.3163.100,\u0E01\u0E23\u0E2D\u0E01\u0E02\u0E49\u0E2D\u0E04\u0E27\u0E32\u0E21 Predict,2560-11-07 13:33:18,2560-11-07 13:33:18,0.321s,PASSED
click,Chrome 61.0.3163.100,\u0E01\u0E14\u0E1B\u0E38\u0E48\u0E21 Predict,2560-11-07 13:33:18,2560-11-07 13:33:18,0.054s,PASSED
verifyElementPresent,Chrome 61.0.3163.100,\u0E15\u0E23\u0E27\u0E08\u0E2A\u0E2D\u0E1A\u0E1C\u0E25\u0E25\u0E31\u0E1E\u0E18\u0E4C Predict \u0E1A\u0E23\u0E23\u0E17\u0E31\u0E14\u0E17\u0E35\u0E48 1,2560-11-07 13:33:18,2560-11-07 13:33:37,18.926s,PASSED
verifyElementPresent,Chrome 61.0.3163.100,\u0E15\u0E23\u0E27\u0E08\u0E2A\u0E2D\u0E1A\u0E1C\u0E25\u0E25\u0E31\u0E1E\u0E18\u0E4C Predict \u0E1A\u0E23\u0E23\u0E17\u0E31\u0E14\u0E17\u0E35\u0E48 2,2560-11-07 13:33:37,2560-11-07 13:33:37,0.044s,PASSED
setText,Chrome 61.0.3163.100,\u0E01\u0E23\u0E2D\u0E01\u0E02\u0E49\u0E2D\u0E04\u0E27\u0E32\u0E21 Predict,2560-11-07 13:33:37,2560-11-07 13:33:37,0.142s,PASSED
click,Chrome 61.0.3163.100,\u0E01\u0E14\u0E1B\u0E38\u0E48\u0E21 predict,2560-11-07 13:33:37,2560-11-07 13:33:38,0.096s,PASSED
verifyElementPresent,Chrome 61.0.3163.100,\u0E15\u0E23\u0E27\u0E08\u0E2A\u0E2D\u0E1A\u0E1C\u0E25\u0E25\u0E31\u0E1E\u0E18\u0E4C Predict \u0E1A\u0E23\u0E23\u0E17\u0E31\u0E14\u0E17\u0E35\u0E48 2,2560-11-07 13:33:38,2560-11-07 13:33:56,18.405s,PASSED
verifyElementPresent,Chrome 61.0.3163.100,\u0E15\u0E23\u0E27\u0E08\u0E2A\u0E2D\u0E1A\u0E1C\u0E25\u0E25\u0E31\u0E1E\u0E18\u0E4C critical,2560-11-07 13:33:56,2560-11-07 13:33:56,0.040s,PASSED
closeBrowser,Chrome 61.0.3163.100,,2560-11-07 13:33:56,2560-11-07 13:33:56,0.001s,NOT_RUN
,,,,,,
Test Cases/3. Menu Text Prediction/Upload File without labelling,Chrome 61.0.3163.100,,2560-11-07 13:33:56,2560-11-07 13:34:18,21.828s,PASSED
openBrowser,Chrome 61.0.3163.100,\u0E40\u0E1B\u0E34\u0E14\u0E40\u0E1A\u0E23\u0E32\u0E40\u0E0B\u0E2D\u0E23\u0E4C,2560-11-07 13:33:56,2560-11-07 13:33:56,0.001s,NOT_RUN
maximizeWindow,Chrome 61.0.3163.100,\u0E02\u0E22\u0E32\u0E22\u0E2B\u0E19\u0E49\u0E32\u0E15\u0E48\u0E32\u0E07\u0E40\u0E1A\u0E23\u0E32\u0E40\u0E0B\u0E2D\u0E23\u0E4C,2560-11-07 13:33:56,2560-11-07 13:33:56,0.001s,NOT_RUN
navigateToUrl,Chrome 61.0.3163.100,\u0E40\u0E02\u0E49\u0E32\u0E2A\u0E39\u0E48 URL,2560-11-07 13:33:56,2560-11-07 13:33:56,0.002s,NOT_RUN
click,Chrome 61.0.3163.100,\u0E01\u0E14\u0E1B\u0E38\u0E48\u0E21 Login,2560-11-07 13:33:56,2560-11-07 13:33:56,0.005s,NOT_RUN
setText,Chrome 61.0.3163.100,\u0E01\u0E23\u0E2D\u0E01 Username,2560-11-07 13:33:56,2560-11-07 13:33:56,0.001s,NOT_RUN
setText,Chrome 61.0.3163.100,\u0E01\u0E23\u0E2D\u0E01\u0E23\u0E2B\u0E31\u0E2A\u0E1C\u0E48\u0E32\u0E19,2560-11-07 13:33:56,2560-11-07 13:33:56,0.000s,NOT_RUN
click,Chrome 61.0.3163.100,\u0E01\u0E14\u0E1B\u0E38\u0E48\u0E21 Login,2560-11-07 13:33:56,2560-11-07 13:33:56,0.000s,NOT_RUN
click,Chrome 61.0.3163.100,\u0E04\u0E25\u0E34\u0E01\u0E40\u0E21\u0E19\u0E39 Text Prediction,2560-11-07 13:33:56,2560-11-07 13:33:56,0.182s,PASSED
click,Chrome 61.0.3163.100,\u0E40\u0E25\u0E37\u0E2D\u0E01 Upload file,2560-11-07 13:33:56,2560-11-07 13:33:57,0.231s,PASSED
verifyElementNotClickable,Chrome 61.0.3163.100,\u0E15\u0E23\u0E27\u0E08\u0E2A\u0E2D\u0E1A\u0E1B\u0E38\u0E48\u0E21 Upload \u0E44\u0E21\u0E48\u0E2A\u0E32\u0E21\u0E32\u0E23\u0E16\u0E01\u0E14\u0E44\u0E14\u0E49,2560-11-07 13:33:57,2560-11-07 13:33:57,0.059s,PASSED
uploadFile,Chrome 61.0.3163.100,\u0E40\u0E25\u0E37\u0E2D\u0E01\u0E44\u0E1F\u0E25\u0E4C\u0E23\u0E39\u0E1B\u0E20\u0E32\u0E1E,2560-11-07 13:33:57,2560-11-07 13:33:57,0.055s,PASSED
waitForElementClickable,Chrome 61.0.3163.100,\u0E23\u0E2D\u0E43\u0E2B\u0E49\u0E1B\u0E38\u0E48\u0E21 Upload \u0E2A\u0E32\u0E21\u0E32\u0E23\u0E16\u0E01\u0E14\u0E44\u0E14\u0E49,2560-11-07 13:33:57,2560-11-07 13:33:57,0.032s,PASSED
click,Chrome 61.0.3163.100,\u0E01\u0E14\u0E1B\u0E38\u0E48\u0E21 Upload,2560-11-07 13:33:57,2560-11-07 13:33:57,0.110s,PASSED
waitForElementNotPresent,Chrome 61.0.3163.100,\u0E23\u0E2D\u0E43\u0E2B\u0E49\u0E41\u0E16\u0E1A\u0E14\u0E33\u0E40\u0E19\u0E34\u0E19\u0E01\u0E32\u0E23\u0E2B\u0E32\u0E22\u0E44\u0E1B,2560-11-07 13:33:57,2560-11-07 13:33:58,1.248s,PASSED
verifyElementPresent,Chrome 61.0.3163.100,\u0E15\u0E23\u0E27\u0E08\u0E2A\u0E2D\u0E1A\u0E01\u0E32\u0E23\u0E41\u0E08\u0E49\u0E07\u0E40\u0E15\u0E37\u0E2D\u0E19 File Not Type of Excel,2560-11-07 13:33:58,2560-11-07 13:33:58,0.069s,PASSED
click,Chrome 61.0.3163.100,\u0E01\u0E14\u0E1B\u0E38\u0E48\u0E21\u0E1B\u0E34\u0E14\u0E01\u0E32\u0E23\u0E41\u0E08\u0E49\u0E07\u0E40\u0E15\u0E37\u0E2D\u0E19,2560-11-07 13:33:58,2560-11-07 13:33:58,0.145s,PASSED
waitForElementNotPresent,Chrome 61.0.3163.100,\u0E23\u0E2D\u0E43\u0E2B\u0E49\u0E01\u0E32\u0E23\u0E41\u0E08\u0E49\u0E07\u0E40\u0E15\u0E37\u0E2D\u0E19\u0E2B\u0E32\u0E22\u0E44\u0E1B,2560-11-07 13:33:58,2560-11-07 13:33:59,0.630s,PASSED
uploadFile,Chrome 61.0.3163.100,\u0E40\u0E25\u0E37\u0E2D\u0E01\u0E44\u0E1F\u0E25\u0E4C Excel,2560-11-07 13:33:59,2560-11-07 13:33:59,0.062s,PASSED
click,Chrome 61.0.3163.100,\u0E01\u0E14\u0E1B\u0E38\u0E48\u0E21 Upload,2560-11-07 13:33:59,2560-11-07 13:33:59,0.109s,PASSED
waitForElementNotPresent,Chrome 61.0.3163.100,\u0E23\u0E2D\u0E43\u0E2B\u0E49\u0E41\u0E16\u0E1A\u0E14\u0E33\u0E40\u0E19\u0E34\u0E19\u0E01\u0E32\u0E23\u0E2B\u0E32\u0E22\u0E44\u0E1B,2560-11-07 13:33:59,2560-11-07 13:34:00,1.047s,PASSED
click,Chrome 61.0.3163.100,\u0E01\u0E14\u0E1B\u0E38\u0E48\u0E21\u0E1B\u0E34\u0E14\u0E01\u0E32\u0E23\u0E41\u0E08\u0E49\u0E07\u0E40\u0E15\u0E37\u0E2D\u0E19\u0E01\u0E23\u0E13\u0E35 API \u0E1C\u0E34\u0E14\u0E1E\u0E25\u0E32\u0E14,2560-11-07 13:34:00,2560-11-07 13:34:00,0.001s,NOT_RUN
selectOptionByIndex,Chrome 61.0.3163.100,\u0E40\u0E25\u0E37\u0E2D\u0E01\u0E1B\u0E23\u0E30\u0E40\u0E20\u0E17 Sheet,2560-11-07 13:34:00,2560-11-07 13:34:01,0.255s,PASSED
waitForElementPresent,Chrome 61.0.3163.100,\u0E23\u0E2D\u0E43\u0E2B\u0E49\u0E01\u0E32\u0E23\u0E41\u0E08\u0E49\u0E07\u0E40\u0E15\u0E37\u0E2D\u0E19\u0E1B\u0E23\u0E32\u0E01\u0E0E,2560-11-07 13:34:01,2560-11-07 13:34:04,3.131s,PASSED
verifyElementPresent,Chrome 61.0.3163.100,\u0E15\u0E23\u0E27\u0E08\u0E2A\u0E2D\u0E1A\u0E01\u0E32\u0E23\u0E41\u0E08\u0E49\u0E07\u0E40\u0E15\u0E37\u0E2D\u0E19 Your file is not verified,2560-11-07 13:34:04,2560-11-07 13:34:04,0.057s,PASSED
click,Chrome 61.0.3163.100,\u0E01\u0E14\u0E1B\u0E38\u0E48\u0E21\u0E1B\u0E34\u0E14\u0E01\u0E32\u0E23\u0E41\u0E08\u0E49\u0E07\u0E40\u0E15\u0E37\u0E2D\u0E19,2560-11-07 13:34:04,2560-11-07 13:34:04,0.146s,PASSED
waitForElementNotPresent,Chrome 61.0.3163.100,\u0E23\u0E2D\u0E43\u0E2B\u0E49\u0E01\u0E32\u0E23\u0E41\u0E08\u0E49\u0E07\u0E40\u0E15\u0E37\u0E2D\u0E19\u0E2B\u0E32\u0E22\u0E44\u0E1B,2560-11-07 13:34:04,2560-11-07 13:34:04,0.590s,PASSED
uploadFile,Chrome 61.0.3163.100,\u0E40\u0E25\u0E37\u0E2D\u0E01\u0E44\u0E1F\u0E25\u0E4C Excel,2560-11-07 13:34:04,2560-11-07 13:34:05,0.191s,PASSED
click,Chrome 61.0.3163.100,\u0E01\u0E14\u0E1B\u0E38\u0E48\u0E21 Upload,2560-11-07 13:34:05,2560-11-07 13:34:05,0.071s,PASSED
waitForElementNotPresent,Chrome 61.0.3163.100,\u0E23\u0E2D\u0E43\u0E2B\u0E49\u0E41\u0E16\u0E1A\u0E14\u0E33\u0E40\u0E19\u0E34\u0E19\u0E01\u0E32\u0E23\u0E2B\u0E32\u0E22\u0E44\u0E1B,2560-11-07 13:34:05,2560-11-07 13:34:06,1.552s,PASSED
click,Chrome 61.0.3163.100,\u0E01\u0E14\u0E1B\u0E38\u0E48\u0E21\u0E1B\u0E34\u0E14\u0E01\u0E32\u0E23\u0E41\u0E08\u0E49\u0E07\u0E40\u0E15\u0E37\u0E2D\u0E19\u0E01\u0E23\u0E13\u0E35 API \u0E1C\u0E34\u0E14\u0E1E\u0E25\u0E32\u0E14,2560-11-07 13:34:06,2560-11-07 13:34:06,0.000s,NOT_RUN
selectOptionByIndex,Chrome 61.0.3163.100,\u0E40\u0E25\u0E37\u0E2D\u0E01\u0E1B\u0E23\u0E30\u0E40\u0E20\u0E17 Sheet,2560-11-07 13:34:06,2560-11-07 13:34:06,0.108s,PASSED
waitForElementPresent,Chrome 61.0.3163.100,\u0E23\u0E2D\u0E43\u0E2B\u0E49\u0E01\u0E32\u0E23\u0E41\u0E08\u0E49\u0E07\u0E40\u0E15\u0E37\u0E2D\u0E19\u0E1B\u0E23\u0E32\u0E01\u0E0E,2560-11-07 13:34:06,2560-11-07 13:34:09,3.080s,PASSED
verifyElementPresent,Chrome 61.0.3163.100,\u0E15\u0E23\u0E27\u0E08\u0E2A\u0E2D\u0E1A\u0E01\u0E32\u0E23\u0E41\u0E08\u0E49\u0E07\u0E40\u0E15\u0E37\u0E2D\u0E19 Your file is not verified,2560-11-07 13:34:09,2560-11-07 13:34:09,0.063s,PASSED
click,Chrome 61.0.3163.100,\u0E01\u0E14\u0E1B\u0E38\u0E48\u0E21\u0E1B\u0E34\u0E14\u0E01\u0E32\u0E23\u0E41\u0E08\u0E49\u0E07\u0E40\u0E15\u0E37\u0E2D\u0E19,2560-11-07 13:34:09,2560-11-07 13:34:10,0.132s,PASSED
waitForElementNotPresent,Chrome 61.0.3163.100,\u0E23\u0E2D\u0E43\u0E2B\u0E49\u0E01\u0E32\u0E23\u0E41\u0E08\u0E49\u0E07\u0E40\u0E15\u0E37\u0E2D\u0E19\u0E2B\u0E32\u0E22\u0E44\u0E1B,2560-11-07 13:34:10,2560-11-07 13:34:10,0.578s,PASSED
uploadFile,Chrome 61.0.3163.100,\u0E40\u0E25\u0E37\u0E2D\u0E01\u0E44\u0E1F\u0E25\u0E4C Excel,2560-11-07 13:34:10,2560-11-07 13:34:10,0.035s,PASSED
click,Chrome 61.0.3163.100,\u0E01\u0E14\u0E1B\u0E38\u0E48\u0E21 Upload,2560-11-07 13:34:10,2560-11-07 13:34:10,0.055s,PASSED
waitForElementNotPresent,Chrome 61.0.3163.100,\u0E23\u0E2D\u0E43\u0E2B\u0E49\u0E41\u0E16\u0E1A\u0E14\u0E33\u0E40\u0E19\u0E34\u0E19\u0E01\u0E32\u0E23\u0E2B\u0E32\u0E22\u0E44\u0E1B,2560-11-07 13:34:10,2560-11-07 13:34:12,2.064s,PASSED
click,Chrome 61.0.3163.100,\u0E01\u0E14\u0E1B\u0E38\u0E48\u0E21\u0E1B\u0E34\u0E14\u0E01\u0E32\u0E23\u0E41\u0E08\u0E49\u0E07\u0E40\u0E15\u0E37\u0E2D\u0E19\u0E01\u0E23\u0E13\u0E35 API \u0E1C\u0E34\u0E14\u0E1E\u0E25\u0E32\u0E14,2560-11-07 13:34:12,2560-11-07 13:34:12,0.000s,NOT_RUN
selectOptionByIndex,Chrome 61.0.3163.100,\u0E40\u0E25\u0E37\u0E2D\u0E01\u0E1B\u0E23\u0E30\u0E40\u0E20\u0E17 Sheet,2560-11-07 13:34:12,2560-11-07 13:34:12,0.128s,PASSED
waitForElementPresent,Chrome 61.0.3163.100,\u0E23\u0E2D\u0E43\u0E2B\u0E49\u0E01\u0E32\u0E23\u0E41\u0E08\u0E49\u0E07\u0E40\u0E15\u0E37\u0E2D\u0E19\u0E1B\u0E23\u0E32\u0E01\u0E0E\u0E02\u0E36\u0E49\u0E19\u0E21\u0E32,2560-11-07 13:34:12,2560-11-07 13:34:17,4.092s,PASSED
verifyElementPresent,Chrome 61.0.3163.100,\u0E15\u0E23\u0E27\u0E08\u0E2A\u0E2D\u0E1A\u0E01\u0E32\u0E23\u0E41\u0E08\u0E49\u0E07\u0E40\u0E15\u0E37\u0E2D\u0E19 Your file is verified,2560-11-07 13:34:17,2560-11-07 13:34:17,0.051s,PASSED
click,Chrome 61.0.3163.100,\u0E01\u0E14\u0E1B\u0E38\u0E48\u0E21\u0E1B\u0E34\u0E14\u0E01\u0E32\u0E23\u0E41\u0E08\u0E49\u0E07\u0E40\u0E15\u0E37\u0E2D\u0E19,2560-11-07 13:34:17,2560-11-07 13:34:17,0.113s,PASSED
waitForElementNotPresent,Chrome 61.0.3163.100,\u0E23\u0E2D\u0E43\u0E2B\u0E49\u0E01\u0E32\u0E23\u0E41\u0E08\u0E49\u0E07\u0E40\u0E15\u0E37\u0E2D\u0E19\u0E2B\u0E32\u0E22\u0E44\u0E1B,2560-11-07 13:34:17,2560-11-07 13:34:17,0.543s,PASSED
waitForElementPresent,Chrome 61.0.3163.100,\u0E21\u0E35\u0E2A\u0E31\u0E0D\u0E25\u0E31\u0E01\u0E29\u0E13\u0E4C\u0E40\u0E04\u0E23\u0E37\u0E48\u0E2D\u0E07\u0E2B\u0E21\u0E32\u0E22\u0E16\u0E39\u0E01\u0E15\u0E49\u0E2D\u0E07\u0E2A\u0E35\u0E40\u0E02\u0E35\u0E22\u0E27,2560-11-07 13:34:17,2560-11-07 13:34:17,0.029s,PASSED
click,Chrome 61.0.3163.100,\u0E01\u0E14\u0E1B\u0E38\u0E48\u0E21 Preview,2560-11-07 13:34:17,2560-11-07 13:34:17,0.129s,PASSED
verifyElementPresent,Chrome 61.0.3163.100,\u0E15\u0E23\u0E27\u0E08\u0E2A\u0E2D\u0E1A\u0E2B\u0E19\u0E49\u0E32\u0E15\u0E48\u0E32\u0E07 Preview,2560-11-07 13:34:17,2560-11-07 13:34:18,0.059s,PASSED
click,Chrome 61.0.3163.100,\u0E1B\u0E34\u0E14\u0E2B\u0E19\u0E49\u0E32\u0E15\u0E48\u0E32\u0E07 Preview,2560-11-07 13:34:18,2560-11-07 13:34:18,0.132s,PASSED
scrollToElement,Chrome 61.0.3163.100,\u0E40\u0E25\u0E37\u0E2D\u0E01\u0E2B\u0E19\u0E49\u0E32\u0E15\u0E48\u0E32\u0E07\u0E21\u0E32\u0E22\u0E31\u0E07\u0E1B\u0E38\u0E48\u0E21 Start,2560-11-07 13:34:18,2560-11-07 13:34:18,0.050s,PASSED
click,Chrome 61.0.3163.100,\u0E01\u0E14\u0E1B\u0E38\u0E48\u0E21 Start,2560-11-07 13:34:18,2560-11-07 13:34:18,0.092s,PASSED
waitForElementNotPresent,Chrome 61.0.3163.100,\u0E23\u0E2D\u0E08\u0E19\u0E01\u0E27\u0E48\u0E32\u0E01\u0E32\u0E23\u0E42\u0E2B\u0E25\u0E14\u0E40\u0E2A\u0E23\u0E47\u0E08\u0E2A\u0E34\u0E49\u0E19,2560-11-07 13:34:18,2560-11-07 13:34:18,0.049s,PASSED
closeBrowser,Chrome 61.0.3163.100,\u0E1B\u0E34\u0E14\u0E40\u0E1A\u0E23\u0E32\u0E40\u0E0B\u0E2D\u0E23\u0E4C,2560-11-07 13:34:18,2560-11-07 13:34:18,0.001s,NOT_RUN
,,,,,,
Test Cases/3. Menu Text Prediction/Upload File with labelling,Chrome 61.0.3163.100,,2560-11-07 13:34:18,2560-11-07 13:34:19,0.942s,FAILED
openBrowser,Chrome 61.0.3163.100,\u0E40\u0E1B\u0E34\u0E14\u0E1A\u0E23\u0E32\u0E27\u0E40\u0E0B\u0E2D\u0E23\u0E4C,2560-11-07 13:34:18,2560-11-07 13:34:18,0.001s,NOT_RUN
maximizeWindow,Chrome 61.0.3163.100,\u0E02\u0E22\u0E32\u0E22\u0E2B\u0E19\u0E49\u0E32\u0E15\u0E48\u0E32\u0E07\u0E40\u0E1A\u0E23\u0E32\u0E40\u0E0B\u0E2D\u0E23\u0E4C,2560-11-07 13:34:18,2560-11-07 13:34:18,0.001s,NOT_RUN
navigateToUrl,Chrome 61.0.3163.100,\u0E40\u0E02\u0E49\u0E32\u0E2A\u0E39\u0E48 URL,2560-11-07 13:34:18,2560-11-07 13:34:18,0.000s,NOT_RUN
click,Chrome 61.0.3163.100,\u0E01\u0E14\u0E1B\u0E38\u0E48\u0E21\u0E40\u0E1E\u0E37\u0E48\u0E2D\u0E17\u0E33\u0E01\u0E32\u0E23 Login,2560-11-07 13:34:18,2560-11-07 13:34:18,0.001s,NOT_RUN
setText,Chrome 61.0.3163.100,\u0E01\u0E23\u0E2D\u0E01 Username,2560-11-07 13:34:18,2560-11-07 13:34:18,0.000s,NOT_RUN
setText,Chrome 61.0.3163.100,\u0E01\u0E23\u0E2D\u0E01 Password,2560-11-07 13:34:18,2560-11-07 13:34:18,0.001s,NOT_RUN
click,Chrome 61.0.3163.100,\u0E01\u0E14\u0E1B\u0E38\u0E48\u0E21 Login,2560-11-07 13:34:18,2560-11-07 13:34:18,0.000s,NOT_RUN
click,Chrome 61.0.3163.100,\u0E01\u0E14\u0E40\u0E25\u0E37\u0E2D\u0E01\u0E40\u0E21\u0E19\u0E39 Text Prediction ,2560-11-07 13:34:18,2560-11-07 13:34:19,0.557s,FAILED
,,,,,,
Test Cases/3. Menu Text Prediction/Multiple Verbatim Predicted Result (Predicted in detail),Chrome 61.0.3163.100,,2560-11-07 13:34:19,2560-11-07 13:35:30,1m - 10.512s,FAILED
openBrowser,Chrome 61.0.3163.100,\u0E40\u0E1B\u0E34\u0E14\u0E40\u0E1A\u0E23\u0E32\u0E40\u0E0B\u0E2D\u0E23\u0E4C,2560-11-07 13:34:19,2560-11-07 13:34:19,0.000s,NOT_RUN
maximizeWindow,Chrome 61.0.3163.100,\u0E02\u0E22\u0E32\u0E22\u0E2B\u0E19\u0E49\u0E32\u0E15\u0E48\u0E32\u0E07\u0E40\u0E1A\u0E23\u0E32\u0E40\u0E0B\u0E2D\u0E23\u0E4C,2560-11-07 13:34:19,2560-11-07 13:34:19,0.001s,NOT_RUN
navigateToUrl,Chrome 61.0.3163.100,\u0E40\u0E02\u0E49\u0E32\u0E2A\u0E39\u0E48 URL,2560-11-07 13:34:19,2560-11-07 13:34:19,0.000s,NOT_RUN
click,Chrome 61.0.3163.100,\u0E01\u0E14\u0E1B\u0E38\u0E48\u0E21 Login,2560-11-07 13:34:19,2560-11-07 13:34:19,0.001s,NOT_RUN
setText,Chrome 61.0.3163.100,\u0E01\u0E23\u0E2D\u0E01 Username,2560-11-07 13:34:19,2560-11-07 13:34:19,0.000s,NOT_RUN
setText,Chrome 61.0.3163.100,\u0E01\u0E23\u0E2D\u0E01\u0E23\u0E2B\u0E31\u0E2A\u0E1C\u0E48\u0E32\u0E19,2560-11-07 13:34:19,2560-11-07 13:34:19,0.000s,NOT_RUN
click,Chrome 61.0.3163.100,\u0E01\u0E14\u0E1B\u0E38\u0E48\u0E21 Login,2560-11-07 13:34:19,2560-11-07 13:34:19,0.001s,NOT_RUN
click,Chrome 61.0.3163.100,\u0E04\u0E25\u0E34\u0E01\u0E40\u0E21\u0E19\u0E39 Text Prediction,2560-11-07 13:34:19,2560-11-07 13:34:19,0.000s,NOT_RUN
click,Chrome 61.0.3163.100,\u0E40\u0E25\u0E37\u0E2D\u0E01 Upload file,2560-11-07 13:34:19,2560-11-07 13:34:19,0.001s,NOT_RUN
uploadFile,Chrome 61.0.3163.100,\u0E40\u0E25\u0E37\u0E2D\u0E01\u0E44\u0E1F\u0E25\u0E4C Excel,2560-11-07 13:34:19,2560-11-07 13:34:19,0.000s,NOT_RUN
click,Chrome 61.0.3163.100,\u0E01\u0E14\u0E1B\u0E38\u0E48\u0E21 Upload,2560-11-07 13:34:19,2560-11-07 13:34:19,0.001s,NOT_RUN
waitForElementNotPresent,Chrome 61.0.3163.100,\u0E23\u0E2D\u0E43\u0E2B\u0E49\u0E41\u0E16\u0E1A\u0E14\u0E33\u0E40\u0E19\u0E34\u0E19\u0E01\u0E32\u0E23\u0E2B\u0E32\u0E22\u0E44\u0E1B,2560-11-07 13:34:19,2560-11-07 13:34:19,0.000s,NOT_RUN
click,Chrome 61.0.3163.100,\u0E01\u0E14\u0E1B\u0E38\u0E48\u0E21\u0E1B\u0E34\u0E14\u0E01\u0E32\u0E23\u0E41\u0E08\u0E49\u0E07\u0E40\u0E15\u0E37\u0E2D\u0E19\u0E01\u0E23\u0E13\u0E35 API \u0E1C\u0E34\u0E14\u0E1E\u0E25\u0E32\u0E14,2560-11-07 13:34:19,2560-11-07 13:34:19,0.001s,NOT_RUN
selectOptionByIndex,Chrome 61.0.3163.100,\u0E40\u0E25\u0E37\u0E2D\u0E01\u0E1B\u0E23\u0E30\u0E40\u0E20\u0E17 Sheet,2560-11-07 13:34:19,2560-11-07 13:34:19,0.000s,NOT_RUN
waitForElementPresent,Chrome 61.0.3163.100,\u0E23\u0E2D\u0E43\u0E2B\u0E49\u0E01\u0E32\u0E23\u0E41\u0E08\u0E49\u0E07\u0E40\u0E15\u0E37\u0E2D\u0E19\u0E1B\u0E23\u0E32\u0E01\u0E0E\u0E02\u0E36\u0E49\u0E19\u0E21\u0E32,2560-11-07 13:34:19,2560-11-07 13:34:19,0.043s,NOT_RUN
verifyElementPresent,Chrome 61.0.3163.100,\u0E15\u0E23\u0E27\u0E08\u0E2A\u0E2D\u0E1A\u0E01\u0E32\u0E23\u0E41\u0E08\u0E49\u0E07\u0E40\u0E15\u0E37\u0E2D\u0E19 Your file is verified,2560-11-07 13:34:19,2560-11-07 13:34:19,0.001s,NOT_RUN
click,Chrome 61.0.3163.100,\u0E01\u0E14\u0E1B\u0E38\u0E48\u0E21\u0E1B\u0E34\u0E14\u0E01\u0E32\u0E23\u0E41\u0E08\u0E49\u0E07\u0E40\u0E15\u0E37\u0E2D\u0E19,2560-11-07 13:34:20,2560-11-07 13:34:20,0.001s,NOT_RUN
waitForElementNotPresent,Chrome 61.0.3163.100,\u0E23\u0E2D\u0E43\u0E2B\u0E49\u0E01\u0E32\u0E23\u0E41\u0E08\u0E49\u0E07\u0E40\u0E15\u0E37\u0E2D\u0E19\u0E2B\u0E32\u0E22\u0E44\u0E1B,2560-11-07 13:34:20,2560-11-07 13:34:20,0.001s,NOT_RUN
waitForElementPresent,Chrome 61.0.3163.100,\u0E21\u0E35\u0E2A\u0E31\u0E0D\u0E25\u0E31\u0E01\u0E29\u0E13\u0E4C\u0E40\u0E04\u0E23\u0E37\u0E48\u0E2D\u0E07\u0E2B\u0E21\u0E32\u0E22\u0E16\u0E39\u0E01\u0E15\u0E49\u0E2D\u0E07\u0E2A\u0E35\u0E40\u0E02\u0E35\u0E22\u0E27,2560-11-07 13:34:20,2560-11-07 13:34:20,0.000s,NOT_RUN
scrollToElement,Chrome 61.0.3163.100,\u0E40\u0E25\u0E37\u0E2D\u0E01\u0E2B\u0E19\u0E49\u0E32\u0E15\u0E48\u0E32\u0E07\u0E21\u0E32\u0E22\u0E31\u0E07\u0E1B\u0E38\u0E48\u0E21 Start,2560-11-07 13:34:20,2560-11-07 13:34:20,0.000s,NOT_RUN
click,Chrome 61.0.3163.100,\u0E01\u0E14\u0E1B\u0E38\u0E48\u0E21 Start,2560-11-07 13:34:20,2560-11-07 13:34:20,0.001s,NOT_RUN
waitForElementNotPresent,Chrome 61.0.3163.100,\u0E23\u0E2D\u0E08\u0E19\u0E01\u0E27\u0E48\u0E32\u0E01\u0E32\u0E23\u0E42\u0E2B\u0E25\u0E14\u0E40\u0E2A\u0E23\u0E47\u0E08\u0E2A\u0E34\u0E49\u0E19,2560-11-07 13:34:20,2560-11-07 13:34:20,0.000s,NOT_RUN
waitForElementPresent,Chrome 61.0.3163.100,\u0E23\u0E2D Select All \u0E1B\u0E23\u0E32\u0E01\u0E0E,2560-11-07 13:34:20,2560-11-07 13:34:27,7.186s,PASSED
click,Chrome 61.0.3163.100,Un-Check  Select all,2560-11-07 13:34:27,2560-11-07 13:34:50,23.112s,PASSED
verifyElementNotPresent,Chrome 61.0.3163.100,\u0E15\u0E23\u0E27\u0E08\u0E2A\u0E2D\u0E1A\u0E41\u0E2A\u0E14\u0E07\u0E23\u0E32\u0E22\u0E01\u0E32\u0E23 Predict \u0E44\u0E21\u0E48\u0E41\u0E2A\u0E14\u0E07,2560-11-07 13:34:50,2560-11-07 13:34:50,0.060s,PASSED
click,Chrome 61.0.3163.100,\u0E01\u0E14\u0E1B\u0E38\u0E48\u0E21 Export,2560-11-07 13:34:50,2560-11-07 13:34:50,0.106s,PASSED
click,Chrome 61.0.3163.100,Check  Select all,2560-11-07 13:34:50,2560-11-07 13:34:50,0.094s,PASSED
verifyElementPresent,Chrome 61.0.3163.100,\u0E15\u0E23\u0E27\u0E08\u0E2A\u0E2D\u0E1A\u0E41\u0E2A\u0E14\u0E07 Accessibility,2560-11-07 13:34:50,2560-11-07 13:34:50,0.062s,PASSED
click,Chrome 61.0.3163.100,\u0E01\u0E14\u0E1B\u0E38\u0E48\u0E21\u0E23\u0E32\u0E22\u0E01\u0E32\u0E23\u0E02\u0E49\u0E2D\u0E04\u0E27\u0E32\u0E21\u0E16\u0E31\u0E14\u0E44\u0E1B,2560-11-07 13:34:50,2560-11-07 13:34:50,0.342s,PASSED
verifyElementPresent,Chrome 61.0.3163.100,\u0E15\u0E23\u0E27\u0E08\u0E2A\u0E2D\u0E1A\u0E41\u0E2A\u0E14\u0E07 Company Brand,2560-11-07 13:34:50,2560-11-07 13:34:51,0.362s,PASSED
verifyElementPresent,Chrome 61.0.3163.100,\u0E15\u0E23\u0E27\u0E08\u0E2A\u0E2D\u0E1A\u0E41\u0E2A\u0E14\u0E07 Process,2560-11-07 13:34:51,2560-11-07 13:34:51,0.073s,PASSED
click,Chrome 61.0.3163.100,\u0E01\u0E14\u0E1B\u0E38\u0E48\u0E21\u0E23\u0E32\u0E22\u0E01\u0E32\u0E23\u0E02\u0E49\u0E2D\u0E04\u0E27\u0E32\u0E21\u0E16\u0E31\u0E14\u0E44\u0E1B,2560-11-07 13:34:51,2560-11-07 13:34:52,0.703s,PASSED
verifyElementPresent,Chrome 61.0.3163.100,\u0E15\u0E23\u0E27\u0E08\u0E2A\u0E2D\u0E1A\u0E41\u0E2A\u0E14\u0E07 Product Feature,2560-11-07 13:34:52,2560-11-07 13:34:52,0.630s,PASSED
click,Chrome 61.0.3163.100,\u0E01\u0E14\u0E1B\u0E38\u0E48\u0E21\u0E23\u0E32\u0E22\u0E01\u0E32\u0E23\u0E02\u0E49\u0E2D\u0E04\u0E27\u0E32\u0E21\u0E16\u0E31\u0E14\u0E44\u0E1B,2560-11-07 13:34:52,2560-11-07 13:34:52,0.101s,PASSED
click,Chrome 61.0.3163.100,\u0E01\u0E14\u0E1B\u0E38\u0E48\u0E21\u0E23\u0E32\u0E22\u0E01\u0E32\u0E23\u0E02\u0E49\u0E2D\u0E04\u0E27\u0E32\u0E21\u0E16\u0E31\u0E14\u0E44\u0E1B,2560-11-07 13:34:52,2560-11-07 13:34:52,0.121s,PASSED
verifyElementPresent,Chrome 61.0.3163.100,\u0E15\u0E23\u0E27\u0E08\u0E2A\u0E2D\u0E1A\u0E41\u0E2A\u0E14\u0E07 Staff Quality,2560-11-07 13:34:52,2560-11-07 13:34:54,1.261s,PASSED
click,Chrome 61.0.3163.100,\u0E01\u0E14\u0E1B\u0E38\u0E48\u0E21\u0E23\u0E32\u0E22\u0E01\u0E32\u0E23\u0E02\u0E49\u0E2D\u0E04\u0E27\u0E32\u0E21\u0E16\u0E31\u0E14\u0E44\u0E1B,2560-11-07 13:34:54,2560-11-07 13:34:54,0.384s,PASSED
verifyElementPresent,Chrome 61.0.3163.100,\u0E15\u0E23\u0E27\u0E08\u0E2A\u0E2D\u0E1A\u0E41\u0E2A\u0E14\u0E07 Competitors,2560-11-07 13:34:54,2560-11-07 13:35:00,5.679s,FAILED
verifyElementPresent,Chrome 61.0.3163.100,\u0E15\u0E23\u0E27\u0E08\u0E2A\u0E2D\u0E1A\u0E41\u0E2A\u0E14\u0E07 Timing,2560-11-07 13:35:00,2560-11-07 13:35:00,0.069s,PASSED
click,Chrome 61.0.3163.100,\u0E01\u0E14\u0E1B\u0E38\u0E48\u0E21\u0E23\u0E32\u0E22\u0E01\u0E32\u0E23\u0E02\u0E49\u0E2D\u0E04\u0E27\u0E32\u0E21\u0E16\u0E31\u0E14\u0E44\u0E1B,2560-11-07 13:35:00,2560-11-07 13:35:00,0.102s,PASSED
verifyElementPresent,Chrome 61.0.3163.100,\u0E15\u0E23\u0E27\u0E08\u0E2A\u0E2D\u0E1A\u0E41\u0E2A\u0E14\u0E07 Private Reason,2560-11-07 13:35:00,2560-11-07 13:35:00,0.140s,PASSED
click,Chrome 61.0.3163.100,\u0E01\u0E14\u0E1B\u0E38\u0E48\u0E21 Export,2560-11-07 13:35:00,2560-11-07 13:35:00,0.103s,PASSED
click,Chrome 61.0.3163.100,Un-Check  Select all,2560-11-07 13:35:00,2560-11-07 13:35:00,0.116s,PASSED
click,Chrome 61.0.3163.100,Check  Accessibility,2560-11-07 13:35:00,2560-11-07 13:35:01,0.275s,PASSED
verifyElementPresent,Chrome 61.0.3163.100,\u0E15\u0E23\u0E27\u0E08\u0E2A\u0E2D\u0E1A\u0E41\u0E2A\u0E14\u0E07 Capacity,2560-11-07 13:35:01,2560-11-07 13:35:02,1.178s,PASSED
verifyElementPresent,Chrome 61.0.3163.100,\u0E15\u0E23\u0E27\u0E08\u0E2A\u0E2D\u0E1A\u0E41\u0E2A\u0E14\u0E07 Convenience,2560-11-07 13:35:02,2560-11-07 13:35:02,0.049s,PASSED
verifyElementPresent,Chrome 61.0.3163.100,\u0E15\u0E23\u0E27\u0E08\u0E2A\u0E2D\u0E1A\u0E41\u0E2A\u0E14\u0E07 Facility,2560-11-07 13:35:02,2560-11-07 13:35:02,0.048s,PASSED
verifyElementPresent,Chrome 61.0.3163.100,\u0E15\u0E23\u0E27\u0E08\u0E2A\u0E2D\u0E1A\u0E41\u0E2A\u0E14\u0E07 Staffing,2560-11-07 13:35:02,2560-11-07 13:35:02,0.355s,PASSED
verifyElementPresent,Chrome 61.0.3163.100,\u0E15\u0E23\u0E27\u0E08\u0E2A\u0E2D\u0E1A\u0E41\u0E2A\u0E14\u0E07 System,2560-11-07 13:35:02,2560-11-07 13:35:02,0.191s,PASSED
click,Chrome 61.0.3163.100,\u0E01\u0E14\u0E1B\u0E38\u0E48\u0E21 Export,2560-11-07 13:35:02,2560-11-07 13:35:03,0.491s,PASSED
click,Chrome 61.0.3163.100,Un-Check  Accessibility,2560-11-07 13:35:03,2560-11-07 13:35:03,0.221s,PASSED
click,Chrome 61.0.3163.100,\u0E01\u0E14\u0E02\u0E22\u0E32\u0E22\u0E40\u0E1E\u0E37\u0E48\u0E2D\u0E14\u0E39\u0E1B\u0E23\u0E30\u0E40\u0E20\u0E17\r\n,2560-11-07 13:35:03,2560-11-07 13:35:04,0.950s,PASSED
click,Chrome 61.0.3163.100,Check  Capacity,2560-11-07 13:35:04,2560-11-07 13:35:04,0.138s,PASSED
verifyElementPresent,Chrome 61.0.3163.100,\u0E15\u0E23\u0E27\u0E08\u0E2A\u0E2D\u0E1A\u0E41\u0E2A\u0E14\u0E07 Capacity,2560-11-07 13:35:05,2560-11-07 13:35:05,0.025s,PASSED
click,Chrome 61.0.3163.100,\u0E01\u0E14\u0E1B\u0E38\u0E48\u0E21 Export,2560-11-07 13:35:05,2560-11-07 13:35:05,0.469s,PASSED
click,Chrome 61.0.3163.100,Un-Check  Capacity,2560-11-07 13:35:05,2560-11-07 13:35:05,0.089s,PASSED
click,Chrome 61.0.3163.100,Check  Convenience,2560-11-07 13:35:05,2560-11-07 13:35:06,0.781s,PASSED
verifyElementPresent,Chrome 61.0.3163.100,\u0E15\u0E23\u0E27\u0E08\u0E2A\u0E2D\u0E1A\u0E41\u0E2A\u0E14\u0E07 Convenience,2560-11-07 13:35:06,2560-11-07 13:35:06,0.310s,PASSED
click,Chrome 61.0.3163.100,\u0E01\u0E14\u0E1B\u0E38\u0E48\u0E21 Export,2560-11-07 13:35:06,2560-11-07 13:35:07,0.536s,PASSED
click,Chrome 61.0.3163.100,Un-Check  Convenience,2560-11-07 13:35:07,2560-11-07 13:35:07,0.424s,PASSED
click,Chrome 61.0.3163.100,Check  Staffing,2560-11-07 13:35:07,2560-11-07 13:35:07,0.170s,PASSED
verifyElementPresent,Chrome 61.0.3163.100,\u0E15\u0E23\u0E27\u0E08\u0E2A\u0E2D\u0E1A\u0E41\u0E2A\u0E14\u0E07 Staffing,2560-11-07 13:35:07,2560-11-07 13:35:08,0.459s,PASSED
click,Chrome 61.0.3163.100,\u0E01\u0E14\u0E1B\u0E38\u0E48\u0E21 Export,2560-11-07 13:35:08,2560-11-07 13:35:09,0.903s,PASSED
click,Chrome 61.0.3163.100,Un-Check  Staffing,2560-11-07 13:35:09,2560-11-07 13:35:09,0.101s,PASSED
click,Chrome 61.0.3163.100,Check  System,2560-11-07 13:35:09,2560-11-07 13:35:09,0.552s,PASSED
verifyElementPresent,Chrome 61.0.3163.100,\u0E15\u0E23\u0E27\u0E08\u0E2A\u0E2D\u0E1A\u0E41\u0E2A\u0E14\u0E07 System,2560-11-07 13:35:09,2560-11-07 13:35:09,0.053s,PASSED
click,Chrome 61.0.3163.100,\u0E01\u0E14\u0E1B\u0E38\u0E48\u0E21 Export,2560-11-07 13:35:09,2560-11-07 13:35:10,0.055s,PASSED
click,Chrome 61.0.3163.100,Un-Check  System,2560-11-07 13:35:10,2560-11-07 13:35:10,0.651s,PASSED
click,Chrome 61.0.3163.100,Check  facility,2560-11-07 13:35:10,2560-11-07 13:35:10,0.217s,PASSED
verifyElementPresent,Chrome 61.0.3163.100,\u0E15\u0E23\u0E27\u0E08\u0E2A\u0E2D\u0E1A\u0E41\u0E2A\u0E14\u0E07 facility,2560-11-07 13:35:10,2560-11-07 13:35:11,0.401s,PASSED
click,Chrome 61.0.3163.100,\u0E01\u0E14\u0E1B\u0E38\u0E48\u0E21 Export,2560-11-07 13:35:11,2560-11-07 13:35:12,0.875s,PASSED
click,Chrome 61.0.3163.100,Un-Check  facility,2560-11-07 13:35:12,2560-11-07 13:35:12,0.084s,PASSED
click,Chrome 61.0.3163.100,Check  Company Brand,2560-11-07 13:35:12,2560-11-07 13:35:12,0.522s,PASSED
verifyElementPresent,Chrome 61.0.3163.100,\u0E15\u0E23\u0E27\u0E08\u0E2A\u0E2D\u0E1A\u0E41\u0E2A\u0E14\u0E07 Advertising,2560-11-07 13:35:12,2560-11-07 13:35:18,5.632s,FAILED
verifyElementPresent,Chrome 61.0.3163.100,\u0E15\u0E23\u0E27\u0E08\u0E2A\u0E2D\u0E1A\u0E41\u0E2A\u0E14\u0E07 Loyalty,2560-11-07 13:35:18,2560-11-07 13:35:23,5.497s,FAILED
verifyElementPresent,Chrome 61.0.3163.100,\u0E15\u0E23\u0E27\u0E08\u0E2A\u0E2D\u0E1A\u0E41\u0E2A\u0E14\u0E07 Credibility,2560-11-07 13:35:23,2560-11-07 13:35:29,5.594s,FAILED
click,Chrome 61.0.3163.100,\u0E01\u0E14\u0E1B\u0E38\u0E48\u0E21 Export,2560-11-07 13:35:29,2560-11-07 13:35:30,0.528s,FAILED
,,,,,,
Test Cases/4. Menu User Management/Search user list,Chrome 61.0.3163.100,,2560-11-07 13:35:30,2560-11-07 13:35:32,2.584s,PASSED
openBrowser,Chrome 61.0.3163.100,\u0E40\u0E1B\u0E34\u0E14\u0E40\u0E1A\u0E23\u0E32\u0E40\u0E0B\u0E2D\u0E23\u0E4C,2560-11-07 13:35:30,2560-11-07 13:35:30,0.001s,NOT_RUN
maximizeWindow,Chrome 61.0.3163.100,\u0E02\u0E22\u0E32\u0E22\u0E2B\u0E19\u0E49\u0E32\u0E15\u0E48\u0E32\u0E07 \u0E40\u0E1A\u0E23\u0E32\u0E40\u0E0B\u0E2D\u0E23\u0E4C,2560-11-07 13:35:30,2560-11-07 13:35:30,0.000s,NOT_RUN
navigateToUrl,Chrome 61.0.3163.100,\u0E40\u0E02\u0E49\u0E32\u0E2A\u0E39\u0E48 URL,2560-11-07 13:35:30,2560-11-07 13:35:30,0.001s,NOT_RUN
click,Chrome 61.0.3163.100,login,2560-11-07 13:35:30,2560-11-07 13:35:30,0.000s,NOT_RUN
setText,Chrome 61.0.3163.100,login,2560-11-07 13:35:30,2560-11-07 13:35:30,0.001s,NOT_RUN
setText,Chrome 61.0.3163.100,login,2560-11-07 13:35:30,2560-11-07 13:35:30,0.000s,NOT_RUN
submit,Chrome 61.0.3163.100,login,2560-11-07 13:35:30,2560-11-07 13:35:30,0.002s,NOT_RUN
click,Chrome 61.0.3163.100,\u0E04\u0E25\u0E34\u0E01\u0E40\u0E21\u0E19\u0E39 UserManagement,2560-11-07 13:35:30,2560-11-07 13:35:30,0.262s,PASSED
setText,Chrome 61.0.3163.100,\u0E01\u0E23\u0E2D\u0E01\u0E02\u0E49\u0E2D\u0E04\u0E27\u0E32\u0E21\u0E43\u0E19\u0E0A\u0E48\u0E2D\u0E07 Search,2560-11-07 13:35:30,2560-11-07 13:35:31,0.918s,PASSED
verifyElementNotPresent,Chrome 61.0.3163.100,\u0E15\u0E23\u0E27\u0E08\u0E2A\u0E2D\u0E1A\u0E44\u0E21\u0E48\u0E21\u0E35\u0E23\u0E32\u0E22\u0E01\u0E32\u0E23\u0E41\u0E2A\u0E14\u0E07\u0E1C\u0E25,2560-11-07 13:35:31,2560-11-07 13:35:31,0.033s,PASSED
setText,Chrome 61.0.3163.100,\u0E01\u0E23\u0E2D\u0E01\u0E02\u0E49\u0E2D\u0E04\u0E27\u0E32\u0E21\u0E43\u0E19\u0E0A\u0E48\u0E2D\u0E07 Search,2560-11-07 13:35:31,2560-11-07 13:35:31,0.179s,PASSED
verifyElementPresent,Chrome 61.0.3163.100,\u0E15\u0E23\u0E27\u0E08\u0E2A\u0E2D\u0E1A\u0E21\u0E35\u0E0A\u0E37\u0E48\u0E2D\u0E2D\u0E22\u0E39\u0E48\u0E43\u0E19\u0E23\u0E30\u0E1A\u0E1A,2560-11-07 13:35:31,2560-11-07 13:35:32,1.015s,PASSED
closeBrowser,Chrome 61.0.3163.100,\u0E1B\u0E34\u0E14\u0E40\u0E1A\u0E23\u0E32\u0E40\u0E0B\u0E2D\u0E23\u0E4C,2560-11-07 13:35:32,2560-11-07 13:35:32,0.001s,NOT_RUN
,,,,,,
Test Cases/4. Menu User Management/Change role and status,Chrome 61.0.3163.100,,2560-11-07 13:35:32,2560-11-07 13:35:55,22.773s,PASSED
openBrowser,Chrome 61.0.3163.100,\u0E40\u0E1B\u0E34\u0E14\u0E40\u0E1A\u0E23\u0E32\u0E40\u0E0B\u0E2D\u0E23\u0E4C,2560-11-07 13:35:32,2560-11-07 13:35:32,0.001s,NOT_RUN
maximizeWindow,Chrome 61.0.3163.100,\u0E02\u0E22\u0E32\u0E22\u0E2B\u0E19\u0E49\u0E32\u0E15\u0E48\u0E32\u0E07 \u0E40\u0E1A\u0E23\u0E32\u0E40\u0E0B\u0E2D\u0E23\u0E4C,2560-11-07 13:35:32,2560-11-07 13:35:32,0.001s,NOT_RUN
navigateToUrl,Chrome 61.0.3163.100,\u0E40\u0E02\u0E49\u0E32\u0E2A\u0E39\u0E48 URL,2560-11-07 13:35:32,2560-11-07 13:35:32,0.000s,NOT_RUN
click,Chrome 61.0.3163.100,login,2560-11-07 13:35:32,2560-11-07 13:35:33,0.074s,NOT_RUN
setText,Chrome 61.0.3163.100,login,2560-11-07 13:35:33,2560-11-07 13:35:33,0.000s,NOT_RUN
setText,Chrome 61.0.3163.100,login,2560-11-07 13:35:33,2560-11-07 13:35:33,0.001s,NOT_RUN
submit,Chrome 61.0.3163.100,login,2560-11-07 13:35:33,2560-11-07 13:35:33,0.000s,NOT_RUN
click,Chrome 61.0.3163.100,\u0E04\u0E25\u0E34\u0E1B\u0E40\u0E21\u0E19\u0E39 User Management,2560-11-07 13:35:33,2560-11-07 13:35:33,0.099s,PASSED
setText,Chrome 61.0.3163.100,\u0E01\u0E23\u0E2D\u0E01\u0E02\u0E49\u0E2D\u0E04\u0E27\u0E32\u0E21\u0E25\u0E07\u0E43\u0E19\u0E0A\u0E48\u0E2D\u0E07\u0E04\u0E49\u0E19\u0E2B\u0E32,2560-11-07 13:35:33,2560-11-07 13:35:33,0.184s,PASSED
click,Chrome 61.0.3163.100,\u0E01\u0E14\u0E1B\u0E38\u0E48\u0E21 User,2560-11-07 13:35:33,2560-11-07 13:35:34,1.083s,PASSED
click,Chrome 61.0.3163.100,\u0E40\u0E25\u0E37\u0E2D\u0E01 Admin,2560-11-07 13:35:34,2560-11-07 13:35:34,0.101s,PASSED
click,Chrome 61.0.3163.100,\u0E01\u0E14\u0E1B\u0E38\u0E48\u0E21 Deactivated,2560-11-07 13:35:34,2560-11-07 13:35:35,0.763s,PASSED
click,Chrome 61.0.3163.100,\u0E40\u0E25\u0E37\u0E2D\u0E01 Activated,2560-11-07 13:35:35,2560-11-07 13:35:35,0.242s,PASSED
refresh,Chrome 61.0.3163.100,Refresh page,2560-11-07 13:35:35,2560-11-07 13:35:38,2.492s,PASSED
click,Chrome 61.0.3163.100,\u0E04\u0E25\u0E34\u0E1B\u0E40\u0E21\u0E19\u0E39 User Management,2560-11-07 13:35:38,2560-11-07 13:35:38,0.157s,PASSED
setText,Chrome 61.0.3163.100,\u0E01\u0E23\u0E2D\u0E01\u0E02\u0E49\u0E2D\u0E04\u0E27\u0E32\u0E21\u0E25\u0E07\u0E43\u0E19\u0E0A\u0E48\u0E2D\u0E07\u0E04\u0E49\u0E19\u0E2B\u0E32,2560-11-07 13:35:38,2560-11-07 13:35:38,0.240s,PASSED
verifyElementPresent,Chrome 61.0.3163.100,\u0E15\u0E23\u0E27\u0E08\u0E2A\u0E2D\u0E1A\u0E1B\u0E38\u0E48\u0E21 User \u0E22\u0E31\u0E07\u0E04\u0E07\u0E40\u0E14\u0E34\u0E21,2560-11-07 13:35:38,2560-11-07 13:35:38,0.016s,PASSED
verifyElementPresent,Chrome 61.0.3163.100,\u0E15\u0E23\u0E27\u0E08\u0E2A\u0E2D\u0E1A\u0E1B\u0E38\u0E48\u0E21 Deactivated \u0E22\u0E31\u0E07\u0E04\u0E07\u0E40\u0E14\u0E34\u0E21,2560-11-07 13:35:38,2560-11-07 13:35:38,0.015s,PASSED
click,Chrome 61.0.3163.100,\u0E01\u0E14\u0E1B\u0E38\u0E48\u0E21 User,2560-11-07 13:35:38,2560-11-07 13:35:38,0.104s,PASSED
click,Chrome 61.0.3163.100,\u0E40\u0E25\u0E37\u0E2D\u0E01 Admin,2560-11-07 13:35:38,2560-11-07 13:35:39,0.105s,PASSED
refresh,Chrome 61.0.3163.100,Refresh page,2560-11-07 13:35:39,2560-11-07 13:35:41,2.013s,PASSED
click,Chrome 61.0.3163.100,\u0E04\u0E25\u0E34\u0E1B\u0E40\u0E21\u0E19\u0E39 User Management,2560-11-07 13:35:41,2560-11-07 13:35:41,0.243s,PASSED
setText,Chrome 61.0.3163.100,\u0E01\u0E23\u0E2D\u0E01\u0E02\u0E49\u0E2D\u0E04\u0E27\u0E32\u0E21\u0E25\u0E07\u0E43\u0E19\u0E0A\u0E48\u0E2D\u0E07\u0E04\u0E49\u0E19\u0E2B\u0E32,2560-11-07 13:35:41,2560-11-07 13:35:41,0.343s,PASSED
verifyElementPresent,Chrome 61.0.3163.100,\u0E15\u0E23\u0E27\u0E08\u0E2A\u0E2D\u0E1A\u0E1B\u0E38\u0E48\u0E21 User \u0E22\u0E31\u0E07\u0E04\u0E07\u0E40\u0E14\u0E34\u0E21,2560-11-07 13:35:41,2560-11-07 13:35:41,0.018s,PASSED
verifyElementPresent,Chrome 61.0.3163.100,\u0E15\u0E23\u0E27\u0E08\u0E2A\u0E2D\u0E1A\u0E1B\u0E38\u0E48\u0E21 Deactivated \u0E22\u0E31\u0E07\u0E04\u0E07\u0E40\u0E14\u0E34\u0E21,2560-11-07 13:35:41,2560-11-07 13:35:41,0.017s,PASSED
click,Chrome 61.0.3163.100,\u0E01\u0E14\u0E1B\u0E38\u0E48\u0E21 Deactivated,2560-11-07 13:35:41,2560-11-07 13:35:41,0.109s,PASSED
click,Chrome 61.0.3163.100,\u0E40\u0E25\u0E37\u0E2D\u0E01 Activated,2560-11-07 13:35:41,2560-11-07 13:35:41,0.131s,PASSED
refresh,Chrome 61.0.3163.100,Refresh page,2560-11-07 13:35:41,2560-11-07 13:35:44,2.307s,PASSED
click,Chrome 61.0.3163.100,\u0E04\u0E25\u0E34\u0E1B\u0E40\u0E21\u0E19\u0E39 User Management,2560-11-07 13:35:44,2560-11-07 13:35:44,0.466s,PASSED
setText,Chrome 61.0.3163.100,\u0E01\u0E23\u0E2D\u0E01\u0E02\u0E49\u0E2D\u0E04\u0E27\u0E32\u0E21\u0E25\u0E07\u0E43\u0E19\u0E0A\u0E48\u0E2D\u0E07\u0E04\u0E49\u0E19\u0E2B\u0E32,2560-11-07 13:35:44,2560-11-07 13:35:44,0.271s,PASSED
verifyElementPresent,Chrome 61.0.3163.100,\u0E15\u0E23\u0E27\u0E08\u0E2A\u0E2D\u0E1A\u0E1A\u0E17\u0E1A\u0E32\u0E17 User \u0E22\u0E31\u0E07\u0E04\u0E07\u0E40\u0E14\u0E34\u0E21,2560-11-07 13:35:44,2560-11-07 13:35:44,0.031s,PASSED
verifyElementPresent,Chrome 61.0.3163.100,\u0E15\u0E23\u0E27\u0E08\u0E2A\u0E2D\u0E1A\u0E2A\u0E16\u0E32\u0E19\u0E30 Deactivated \u0E22\u0E31\u0E07\u0E04\u0E07\u0E40\u0E14\u0E34\u0E21,2560-11-07 13:35:44,2560-11-07 13:35:45,0.019s,PASSED
click,Chrome 61.0.3163.100,\u0E01\u0E14\u0E1B\u0E38\u0E48\u0E21 User,2560-11-07 13:35:45,2560-11-07 13:35:45,0.102s,PASSED
click,Chrome 61.0.3163.100,\u0E40\u0E25\u0E37\u0E2D\u0E01 Admin,2560-11-07 13:35:45,2560-11-07 13:35:45,0.216s,PASSED
click,Chrome 61.0.3163.100,\u0E01\u0E14\u0E1B\u0E38\u0E48\u0E21 Deactivated,2560-11-07 13:35:45,2560-11-07 13:35:45,0.092s,PASSED
click,Chrome 61.0.3163.100,\u0E40\u0E25\u0E37\u0E2D\u0E01 Activated,2560-11-07 13:35:45,2560-11-07 13:35:45,0.091s,PASSED
click,Chrome 61.0.3163.100,\u0E01\u0E14\u0E1B\u0E38\u0E48\u0E21 Submit,2560-11-07 13:35:45,2560-11-07 13:35:45,0.120s,PASSED
verifyElementPresent,Chrome 61.0.3163.100,\u0E15\u0E23\u0E27\u0E08\u0E2A\u0E2D\u0E1A\u0E01\u0E32\u0E23\u0E41\u0E08\u0E49\u0E07\u0E40\u0E15\u0E37\u0E2D\u0E19 User management Successful,2560-11-07 13:35:45,2560-11-07 13:35:46,0.420s,PASSED
click,Chrome 61.0.3163.100,\u0E01\u0E14\u0E1B\u0E38\u0E48\u0E21\u0E1B\u0E34\u0E14\u0E01\u0E32\u0E23\u0E41\u0E08\u0E49\u0E07\u0E40\u0E15\u0E37\u0E2D\u0E19,2560-11-07 13:35:46,2560-11-07 13:35:46,0.125s,PASSED
refresh,Chrome 61.0.3163.100,Refresh page,2560-11-07 13:35:46,2560-11-07 13:35:48,2.085s,PASSED
click,Chrome 61.0.3163.100,\u0E04\u0E25\u0E34\u0E1B\u0E40\u0E21\u0E19\u0E39 User Management,2560-11-07 13:35:48,2560-11-07 13:35:48,0.140s,PASSED
setText,Chrome 61.0.3163.100,\u0E01\u0E23\u0E2D\u0E01\u0E02\u0E49\u0E2D\u0E04\u0E27\u0E32\u0E21\u0E25\u0E07\u0E43\u0E19\u0E0A\u0E48\u0E2D\u0E07\u0E04\u0E49\u0E19\u0E2B\u0E32,2560-11-07 13:35:48,2560-11-07 13:35:48,0.207s,PASSED
verifyElementPresent,Chrome 61.0.3163.100,\u0E15\u0E23\u0E27\u0E08\u0E2A\u0E2D\u0E1A\u0E1A\u0E17\u0E1A\u0E32\u0E17\u0E40\u0E1B\u0E25\u0E35\u0E48\u0E22\u0E19\u0E40\u0E1B\u0E47\u0E19 Admin,2560-11-07 13:35:48,2560-11-07 13:35:48,0.030s,PASSED
verifyElementPresent,Chrome 61.0.3163.100,\u0E15\u0E23\u0E27\u0E08\u0E2A\u0E2D\u0E1A\u0E2A\u0E16\u0E32\u0E19\u0E30\u0E40\u0E1B\u0E25\u0E35\u0E48\u0E22\u0E19\u0E40\u0E1B\u0E47\u0E19 Activated,2560-11-07 13:35:48,2560-11-07 13:35:48,0.060s,PASSED
click,Chrome 61.0.3163.100,\u0E01\u0E14\u0E1B\u0E38\u0E48\u0E21 Admin,2560-11-07 13:35:48,2560-11-07 13:35:48,0.168s,PASSED
click,Chrome 61.0.3163.100,\u0E40\u0E25\u0E37\u0E2D\u0E01 User,2560-11-07 13:35:48,2560-11-07 13:35:49,0.137s,PASSED
click,Chrome 61.0.3163.100,\u0E01\u0E14\u0E1B\u0E38\u0E48\u0E21 Submit,2560-11-07 13:35:49,2560-11-07 13:35:49,0.078s,PASSED
verifyElementPresent,Chrome 61.0.3163.100,\u0E15\u0E23\u0E27\u0E08\u0E2A\u0E2D\u0E1A\u0E01\u0E32\u0E23\u0E41\u0E08\u0E49\u0E07\u0E40\u0E15\u0E37\u0E2D\u0E19 User management Successful,2560-11-07 13:35:49,2560-11-07 13:35:49,0.574s,PASSED
click,Chrome 61.0.3163.100,\u0E01\u0E14\u0E1B\u0E38\u0E48\u0E21\u0E1B\u0E34\u0E14\u0E01\u0E32\u0E23\u0E41\u0E08\u0E49\u0E07\u0E40\u0E15\u0E37\u0E2D\u0E19,2560-11-07 13:35:49,2560-11-07 13:35:49,0.118s,PASSED
refresh,Chrome 61.0.3163.100,Refresh page,2560-11-07 13:35:49,2560-11-07 13:35:51,1.948s,PASSED
click,Chrome 61.0.3163.100,\u0E04\u0E25\u0E34\u0E1B\u0E40\u0E21\u0E19\u0E39 User Management,2560-11-07 13:35:51,2560-11-07 13:35:51,0.146s,PASSED
setText,Chrome 61.0.3163.100,\u0E01\u0E23\u0E2D\u0E01\u0E02\u0E49\u0E2D\u0E04\u0E27\u0E32\u0E21\u0E25\u0E07\u0E43\u0E19\u0E0A\u0E48\u0E2D\u0E07\u0E04\u0E49\u0E19\u0E2B\u0E32,2560-11-07 13:35:51,2560-11-07 13:35:52,0.220s,PASSED
verifyElementPresent,Chrome 61.0.3163.100,\u0E15\u0E23\u0E27\u0E08\u0E2A\u0E2D\u0E1A\u0E1A\u0E17\u0E1A\u0E32\u0E17\u0E40\u0E1B\u0E25\u0E35\u0E48\u0E22\u0E19\u0E40\u0E1B\u0E47\u0E19 User,2560-11-07 13:35:52,2560-11-07 13:35:52,0.024s,PASSED
verifyElementPresent,Chrome 61.0.3163.100,\u0E15\u0E23\u0E27\u0E08\u0E2A\u0E2D\u0E1A\u0E2A\u0E16\u0E32\u0E19\u0E30 Activated \u0E22\u0E31\u0E07\u0E04\u0E07\u0E40\u0E14\u0E34\u0E21,2560-11-07 13:35:52,2560-11-07 13:35:52,0.020s,PASSED
click,Chrome 61.0.3163.100,\u0E01\u0E14\u0E1B\u0E38\u0E48\u0E21 Activated,2560-11-07 13:35:52,2560-11-07 13:35:52,0.182s,PASSED
click,Chrome 61.0.3163.100,\u0E40\u0E25\u0E37\u0E2D\u0E01 Deactivated,2560-11-07 13:35:52,2560-11-07 13:35:52,0.119s,PASSED
click,Chrome 61.0.3163.100,\u0E01\u0E14\u0E1B\u0E38\u0E48\u0E21 Submit,2560-11-07 13:35:52,2560-11-07 13:35:52,0.073s,PASSED
verifyElementPresent,Chrome 61.0.3163.100,\u0E15\u0E23\u0E27\u0E08\u0E2A\u0E2D\u0E1A\u0E01\u0E32\u0E23\u0E41\u0E08\u0E49\u0E07\u0E40\u0E15\u0E37\u0E2D\u0E19 User management Successful,2560-11-07 13:35:52,2560-11-07 13:35:53,0.569s,PASSED
click,Chrome 61.0.3163.100,\u0E01\u0E14\u0E1B\u0E38\u0E48\u0E21\u0E1B\u0E34\u0E14\u0E01\u0E32\u0E23\u0E41\u0E08\u0E49\u0E07\u0E40\u0E15\u0E37\u0E2D\u0E19,2560-11-07 13:35:53,2560-11-07 13:35:53,0.127s,PASSED
refresh,Chrome 61.0.3163.100,Refresh page,2560-11-07 13:35:53,2560-11-07 13:35:55,1.964s,PASSED
click,Chrome 61.0.3163.100,\u0E04\u0E25\u0E34\u0E1B\u0E40\u0E21\u0E19\u0E39 User Management,2560-11-07 13:35:55,2560-11-07 13:35:55,0.146s,PASSED
setText,Chrome 61.0.3163.100,\u0E01\u0E23\u0E2D\u0E01\u0E02\u0E49\u0E2D\u0E04\u0E27\u0E32\u0E21\u0E25\u0E07\u0E43\u0E19\u0E0A\u0E48\u0E2D\u0E07\u0E04\u0E49\u0E19\u0E2B\u0E32,2560-11-07 13:35:55,2560-11-07 13:35:55,0.178s,PASSED
verifyElementPresent,Chrome 61.0.3163.100,\u0E15\u0E23\u0E27\u0E08\u0E2A\u0E2D\u0E1A\u0E1A\u0E17\u0E1A\u0E32\u0E17 User \u0E22\u0E31\u0E07\u0E04\u0E07\u0E40\u0E14\u0E34\u0E21,2560-11-07 13:35:55,2560-11-07 13:35:55,0.017s,PASSED
verifyElementPresent,Chrome 61.0.3163.100,\u0E15\u0E23\u0E27\u0E08\u0E2A\u0E2D\u0E1A\u0E2A\u0E16\u0E32\u0E19\u0E30\u0E40\u0E1B\u0E25\u0E35\u0E48\u0E22\u0E19\u0E40\u0E1B\u0E47\u0E19 Deactivated ,2560-11-07 13:35:55,2560-11-07 13:35:55,0.028s,PASSED
closeBrowser,Chrome 61.0.3163.100,\u0E1B\u0E34\u0E14\u0E40\u0E1A\u0E23\u0E32\u0E40\u0E0B\u0E2D\u0E23\u0E4C,2560-11-07 13:35:55,2560-11-07 13:35:55,0.001s,NOT_RUN
,,,,,,
Test Cases/4. Menu User Management/Change user profile picture,Chrome 61.0.3163.100,,2560-11-07 13:35:55,2560-11-07 13:36:01,5.774s,PASSED
openBrowser,Chrome 61.0.3163.100,,2560-11-07 13:35:55,2560-11-07 13:35:55,0.001s,NOT_RUN
maximizeWindow,Chrome 61.0.3163.100,,2560-11-07 13:35:55,2560-11-07 13:35:55,0.000s,NOT_RUN
navigateToUrl,Chrome 61.0.3163.100,,2560-11-07 13:35:55,2560-11-07 13:35:55,0.001s,NOT_RUN
click,Chrome 61.0.3163.100,,2560-11-07 13:35:55,2560-11-07 13:35:55,0.000s,NOT_RUN
setText,Chrome 61.0.3163.100,,2560-11-07 13:35:55,2560-11-07 13:35:55,0.000s,NOT_RUN
setText,Chrome 61.0.3163.100,,2560-11-07 13:35:55,2560-11-07 13:35:55,0.001s,NOT_RUN
submit,Chrome 61.0.3163.100,,2560-11-07 13:35:55,2560-11-07 13:35:55,0.000s,NOT_RUN
click,Chrome 61.0.3163.100,,2560-11-07 13:35:55,2560-11-07 13:35:55,0.064s,PASSED
setText,Chrome 61.0.3163.100,,2560-11-07 13:35:55,2560-11-07 13:35:56,0.277s,PASSED
click,Chrome 61.0.3163.100,,2560-11-07 13:35:56,2560-11-07 13:35:58,1.895s,PASSED
uploadFile,Chrome 61.0.3163.100,,2560-11-07 13:35:58,2560-11-07 13:35:58,0.581s,PASSED
click,Chrome 61.0.3163.100,,2560-11-07 13:35:58,2560-11-07 13:35:58,0.082s,PASSED
verifyElementPresent,Chrome 61.0.3163.100,,2560-11-07 13:35:58,2560-11-07 13:35:59,0.596s,PASSED
click,Chrome 61.0.3163.100,,2560-11-07 13:35:59,2560-11-07 13:36:01,2.049s,PASSED
closeBrowser,Chrome 61.0.3163.100,,2560-11-07 13:36:01,2560-11-07 13:36:01,0.001s,NOT_RUN
,,,,,,
Test Cases/4. Menu User Management/Edit profile management,Chrome 61.0.3163.100,,2560-11-07 13:36:01,2560-11-07 13:36:09,8.288s,PASSED
openBrowser,Chrome 61.0.3163.100,\u0E40\uFFFD?\u0E34\u0E14\u0E40\uFFFD?\u0E23\u0E32\u0E40\uFFFD?\u0E2D\u0E23\uFFFD?,2560-11-07 13:36:01,2560-11-07 13:36:01,0.001s,NOT_RUN
maximizeWindow,Chrome 61.0.3163.100,\uFFFD?\u0E22\u0E32\u0E22\u0E2B\uFFFD?\uFFFD?\u0E32\u0E15\uFFFD?\u0E32\uFFFD? \u0E40\uFFFD?\u0E23\u0E32\u0E40\uFFFD?\u0E2D\u0E23\uFFFD?,2560-11-07 13:36:01,2560-11-07 13:36:01,0.001s,NOT_RUN
navigateToUrl,Chrome 61.0.3163.100,\u0E40\uFFFD?\uFFFD?\u0E32\u0E2A\u0E39\uFFFD? URL,2560-11-07 13:36:01,2560-11-07 13:36:01,0.001s,NOT_RUN
click,Chrome 61.0.3163.100,login,2560-11-07 13:36:01,2560-11-07 13:36:01,0.000s,NOT_RUN
setText,Chrome 61.0.3163.100,login,2560-11-07 13:36:01,2560-11-07 13:36:01,0.001s,NOT_RUN
setText,Chrome 61.0.3163.100,login,2560-11-07 13:36:01,2560-11-07 13:36:01,0.000s,NOT_RUN
submit,Chrome 61.0.3163.100,login,2560-11-07 13:36:01,2560-11-07 13:36:01,0.001s,NOT_RUN
click,Chrome 61.0.3163.100,\uFFFD?\u0E25\u0E34\uFFFD?\u0E40\u0E21\uFFFD?\u0E39 User Management,2560-11-07 13:36:01,2560-11-07 13:36:01,0.148s,PASSED
setText,Chrome 61.0.3163.100,\uFFFD?\u0E23\u0E2D\uFFFD?\uFFFD?\uFFFD?\u0E2D\uFFFD?\u0E27\u0E32\u0E21\u0E25\uFFFD?\uFFFD?\uFFFD?\uFFFD?\uFFFD?\u0E2D\uFFFD?\uFFFD?\uFFFD?\uFFFD?\u0E2B\u0E32,2560-11-07 13:36:01,2560-11-07 13:36:02,0.722s,PASSED
click,Chrome 61.0.3163.100,\uFFFD?\u0E14\uFFFD?\u0E38\uFFFD?\u0E21\uFFFD?\uFFFD?\uFFFD?\uFFFD?\uFFFD? Profile,2560-11-07 13:36:02,2560-11-07 13:36:02,0.123s,PASSED
click,Chrome 61.0.3163.100,\uFFFD?\u0E14\u0E2A\u0E31\uFFFD?\u0E25\u0E31\uFFFD?\u0E29\u0E13\uFFFD?\u0E14\u0E34\uFFFD?\u0E2A\u0E2D\u0E2B\u0E25\u0E31\uFFFD?\uFFFD?\u0E37\uFFFD?\u0E2D,2560-11-07 13:36:02,2560-11-07 13:36:02,0.123s,PASSED
click,Chrome 61.0.3163.100,\uFFFD?\u0E14\u0E2A\u0E31\uFFFD?\u0E25\u0E31\uFFFD?\u0E29\u0E13\uFFFD?\u0E14\u0E34\uFFFD?\u0E2A\u0E2D\u0E2B\u0E25\u0E31\uFFFD?\u0E2D\u0E35\u0E40\u0E21\u0E25,2560-11-07 13:36:02,2560-11-07 13:36:02,0.080s,PASSED
setText,Chrome 61.0.3163.100,\u0E25\uFFFD?\uFFFD?\uFFFD?\u0E2D\uFFFD?\u0E27\u0E32\u0E21\uFFFD?\uFFFD?\uFFFD?\u0E25\uFFFD?\u0E2D\uFFFD?\uFFFD?\uFFFD?\u0E2D\uFFFD?\u0E27\u0E32\u0E21 First name,2560-11-07 13:36:02,2560-11-07 13:36:02,0.151s,PASSED
sendKeys,Chrome 61.0.3163.100,\u0E25\uFFFD?\uFFFD?\uFFFD?\u0E2D\uFFFD?\u0E27\u0E32\u0E21\uFFFD?\uFFFD?\uFFFD?\u0E25\uFFFD?\u0E2D\uFFFD?\uFFFD?\uFFFD?\u0E2D\uFFFD?\u0E27\u0E32\u0E21 First name,2560-11-07 13:36:02,2560-11-07 13:36:02,0.041s,PASSED
verifyElementNotClickable,Chrome 61.0.3163.100,\u0E15\u0E23\u0E27\uFFFD?\u0E2A\u0E2D\uFFFD?\uFFFD?\u0E38\uFFFD?\u0E21 Submit \uFFFD?\u0E21\uFFFD?\u0E2A\u0E32\u0E21\u0E32\u0E23\u0E16\uFFFD?\u0E14\uFFFD?\u0E14\uFFFD?,2560-11-07 13:36:02,2560-11-07 13:36:02,0.031s,PASSED
setText,Chrome 61.0.3163.100,\uFFFD?\u0E23\u0E2D\uFFFD?\uFFFD?\u0E37\uFFFD?\u0E2D\u0E40\uFFFD?\uFFFD?\uFFFD?\u0E15\u0E31\u0E27\u0E40\u0E25\uFFFD?,2560-11-07 13:36:02,2560-11-07 13:36:03,0.206s,PASSED
verifyElementNotClickable,Chrome 61.0.3163.100,\u0E15\u0E23\u0E27\uFFFD?\u0E2A\u0E2D\uFFFD?\uFFFD?\u0E38\uFFFD?\u0E21 Submit \uFFFD?\u0E21\uFFFD?\u0E2A\u0E32\u0E21\u0E32\u0E23\u0E16\uFFFD?\u0E14\uFFFD?\u0E14\uFFFD?,2560-11-07 13:36:03,2560-11-07 13:36:03,0.359s,PASSED
setText,Chrome 61.0.3163.100,\uFFFD?\u0E23\u0E2D\uFFFD?\uFFFD?\u0E37\uFFFD?\u0E2D\u0E17\u0E35\uFFFD?\u0E16\u0E39\uFFFD?\u0E23\u0E39\uFFFD?\uFFFD?\uFFFD?\uFFFD?,2560-11-07 13:36:03,2560-11-07 13:36:03,0.237s,PASSED
setText,Chrome 61.0.3163.100,\u0E25\uFFFD?\uFFFD?\uFFFD?\u0E2D\uFFFD?\u0E27\u0E32\u0E21\uFFFD?\uFFFD?\uFFFD?\u0E25\uFFFD?\u0E2D\uFFFD?\uFFFD?\uFFFD?\u0E2D\uFFFD?\u0E27\u0E32\u0E21 Last name,2560-11-07 13:36:03,2560-11-07 13:36:04,0.345s,PASSED
sendKeys,Chrome 61.0.3163.100,\u0E25\uFFFD?\uFFFD?\uFFFD?\u0E2D\uFFFD?\u0E27\u0E32\u0E21\uFFFD?\uFFFD?\uFFFD?\u0E25\uFFFD?\u0E2D\uFFFD?\uFFFD?\uFFFD?\u0E2D\uFFFD?\u0E27\u0E32\u0E21 Last name,2560-11-07 13:36:04,2560-11-07 13:36:04,0.040s,PASSED
verifyElementNotClickable,Chrome 61.0.3163.100,\u0E15\u0E23\u0E27\uFFFD?\u0E2A\u0E2D\uFFFD?\uFFFD?\u0E38\uFFFD?\u0E21 Submit \uFFFD?\u0E21\uFFFD?\u0E2A\u0E32\u0E21\u0E32\u0E23\u0E16\uFFFD?\u0E14\uFFFD?\u0E14\uFFFD?,2560-11-07 13:36:04,2560-11-07 13:36:04,0.018s,PASSED
setText,Chrome 61.0.3163.100,\uFFFD?\u0E23\u0E2D\uFFFD?\uFFFD?\u0E32\u0E21\u0E2A\uFFFD?\u0E38\u0E25\u0E40\uFFFD?\uFFFD?\uFFFD?\u0E15\u0E31\u0E27\u0E40\u0E25\uFFFD?,2560-11-07 13:36:04,2560-11-07 13:36:04,0.352s,PASSED
verifyElementNotClickable,Chrome 61.0.3163.100,\u0E15\u0E23\u0E27\uFFFD?\u0E2A\u0E2D\uFFFD?\uFFFD?\u0E38\uFFFD?\u0E21 Submit \uFFFD?\u0E21\uFFFD?\u0E2A\u0E32\u0E21\u0E32\u0E23\u0E16\uFFFD?\u0E14\uFFFD?\u0E14\uFFFD?,2560-11-07 13:36:04,2560-11-07 13:36:04,0.297s,PASSED
setText,Chrome 61.0.3163.100,\uFFFD?\u0E23\u0E2D\uFFFD?\uFFFD?\u0E32\u0E21\u0E2A\uFFFD?\u0E38\u0E25\u0E17\u0E35\uFFFD?\u0E16\u0E39\uFFFD?\u0E23\u0E39\uFFFD?\uFFFD?\uFFFD?\uFFFD?,2560-11-07 13:36:04,2560-11-07 13:36:05,0.313s,PASSED
setText,Chrome 61.0.3163.100,\u0E25\uFFFD?\uFFFD?\uFFFD?\u0E2D\uFFFD?\u0E27\u0E32\u0E21\uFFFD?\uFFFD?\uFFFD?\u0E25\uFFFD?\u0E2D\uFFFD?\uFFFD?\uFFFD?\u0E2D\uFFFD?\u0E27\u0E32\u0E21 Email,2560-11-07 13:36:05,2560-11-07 13:36:05,0.126s,PASSED
sendKeys,Chrome 61.0.3163.100,\u0E25\uFFFD?\uFFFD?\uFFFD?\u0E2D\uFFFD?\u0E27\u0E32\u0E21\uFFFD?\uFFFD?\uFFFD?\u0E25\uFFFD?\u0E2D\uFFFD?\uFFFD?\uFFFD?\u0E2D\uFFFD?\u0E27\u0E32\u0E21 Email,2560-11-07 13:36:05,2560-11-07 13:36:05,0.037s,PASSED
verifyElementNotClickable,Chrome 61.0.3163.100,\u0E15\u0E23\u0E27\uFFFD?\u0E2A\u0E2D\uFFFD?\uFFFD?\u0E38\uFFFD?\u0E21 Submit \uFFFD?\u0E21\uFFFD?\u0E2A\u0E32\u0E21\u0E32\u0E23\u0E16\uFFFD?\u0E14\uFFFD?\u0E14\uFFFD?,2560-11-07 13:36:05,2560-11-07 13:36:05,0.025s,PASSED
setText,Chrome 61.0.3163.100,\uFFFD?\u0E23\u0E2D\uFFFD?\u0E2D\u0E35\u0E40\u0E21\u0E25\uFFFD?\u0E21\uFFFD?\uFFFD?\u0E2A\uFFFD? @ \uFFFD?\u0E25\u0E30\uFFFD?\u0E21\uFFFD?\u0E21\u0E35 .co,2560-11-07 13:36:05,2560-11-07 13:36:05,0.363s,PASSED
verifyElementNotClickable,Chrome 61.0.3163.100,\u0E15\u0E23\u0E27\uFFFD?\u0E2A\u0E2D\uFFFD?\uFFFD?\u0E38\uFFFD?\u0E21 Submit \uFFFD?\u0E21\uFFFD?\u0E2A\u0E32\u0E21\u0E32\u0E23\u0E16\uFFFD?\u0E14\uFFFD?\u0E14\uFFFD?,2560-11-07 13:36:05,2560-11-07 13:36:06,0.262s,PASSED
setText,Chrome 61.0.3163.100,\uFFFD?\u0E23\u0E2D\uFFFD?\u0E2D\u0E35\u0E40\u0E21\u0E25\u0E17\u0E35\uFFFD?\u0E16\u0E39\uFFFD?\u0E23\u0E39\uFFFD?\uFFFD?\uFFFD?\uFFFD?,2560-11-07 13:36:06,2560-11-07 13:36:06,0.116s,PASSED
click,Chrome 61.0.3163.100,\uFFFD?\u0E14\uFFFD?\u0E38\uFFFD?\u0E21 Submit,2560-11-07 13:36:06,2560-11-07 13:36:06,0.328s,PASSED
verifyElementPresent,Chrome 61.0.3163.100,\u0E15\u0E23\u0E27\uFFFD?\u0E2A\u0E2D\uFFFD?\uFFFD?\u0E32\u0E23\uFFFD?\uFFFD?\uFFFD?\uFFFD?\u0E40\u0E15\u0E37\u0E2D\uFFFD? Edit Profile Successful,2560-11-07 13:36:06,2560-11-07 13:36:07,0.560s,PASSED
click,Chrome 61.0.3163.100,\uFFFD?\u0E14\uFFFD?\u0E38\uFFFD?\u0E21\uFFFD?\u0E34\u0E14\uFFFD?\u0E32\u0E23\uFFFD?\uFFFD?\uFFFD?\uFFFD?\u0E40\u0E15\u0E37\u0E2D\uFFFD?,2560-11-07 13:36:07,2560-11-07 13:36:09,2.496s,PASSED
closeBrowser,Chrome 61.0.3163.100,\uFFFD?\u0E34\u0E14\u0E40\uFFFD?\u0E23\u0E32\u0E40\uFFFD?\u0E2D\u0E23\uFFFD?,2560-11-07 13:36:09,2560-11-07 13:36:09,0.000s,NOT_RUN
,,,,,,
Test Cases/4. Menu User Management/Reset and Change password,Chrome 61.0.3163.100,,2560-11-07 13:36:09,2560-11-07 13:36:19,9.696s,PASSED
openBrowser,Chrome 61.0.3163.100,\u0E40\u0E1B\u0E34\u0E14\u0E40\u0E1A\u0E23\u0E32\u0E40\u0E0B\u0E2D\u0E23\u0E4C,2560-11-07 13:36:09,2560-11-07 13:36:09,0.001s,NOT_RUN
maximizeWindow,Chrome 61.0.3163.100,\u0E02\u0E22\u0E32\u0E22\u0E2B\u0E19\u0E49\u0E32\u0E15\u0E48\u0E32\u0E07\u0E40\u0E1A\u0E23\u0E32\u0E40\u0E0B\u0E2D\u0E23\u0E4C,2560-11-07 13:36:09,2560-11-07 13:36:09,0.000s,NOT_RUN
navigateToUrl,Chrome 61.0.3163.100,\u0E40\u0E02\u0E49\u0E32\u0E2A\u0E39\u0E48 URL,2560-11-07 13:36:09,2560-11-07 13:36:09,0.001s,NOT_RUN
click,Chrome 61.0.3163.100,Login,2560-11-07 13:36:09,2560-11-07 13:36:09,0.000s,NOT_RUN
setText,Chrome 61.0.3163.100,Login,2560-11-07 13:36:09,2560-11-07 13:36:09,0.000s,NOT_RUN
setText,Chrome 61.0.3163.100,Login,2560-11-07 13:36:09,2560-11-07 13:36:09,0.001s,NOT_RUN
submit,Chrome 61.0.3163.100,Login,2560-11-07 13:36:09,2560-11-07 13:36:09,0.000s,NOT_RUN
click,Chrome 61.0.3163.100,\u0E40\u0E25\u0E37\u0E2D\u0E01\u0E40\u0E21\u0E19\u0E39 User management,2560-11-07 13:36:09,2560-11-07 13:36:10,0.874s,PASSED
setText,Chrome 61.0.3163.100,\u0E01\u0E23\u0E2D\u0E01\u0E02\u0E49\u0E2D\u0E04\u0E27\u0E32\u0E21\u0E43\u0E19\u0E0A\u0E48\u0E2D\u0E07\u0E04\u0E49\u0E19\u0E2B\u0E32,2560-11-07 13:36:10,2560-11-07 13:36:11,0.356s,PASSED
click,Chrome 61.0.3163.100,\u0E01\u0E14\u0E1B\u0E38\u0E48\u0E21\u0E41\u0E01\u0E49\u0E44\u0E02 Profile,2560-11-07 13:36:11,2560-11-07 13:36:11,0.157s,PASSED
click,Chrome 61.0.3163.100,\u0E04\u0E25\u0E34\u0E01\u0E25\u0E34\u0E49\u0E07 Reset password,2560-11-07 13:36:11,2560-11-07 13:36:12,0.640s,PASSED
click,Chrome 61.0.3163.100,\u0E01\u0E14\u0E1B\u0E38\u0E48\u0E21 Yes,2560-11-07 13:36:12,2560-11-07 13:36:12,0.125s,PASSED
waitForElementNotPresent,Chrome 61.0.3163.100,\u0E23\u0E2D\u0E43\u0E2B\u0E49\u0E2B\u0E19\u0E49\u0E32\u0E15\u0E48\u0E32\u0E07\u0E04\u0E2D\u0E19\u0E40\u0E1F\u0E34\u0E21\u0E1B\u0E34\u0E14\u0E44\u0E1B,2560-11-07 13:36:12,2560-11-07 13:36:12,0.545s,PASSED
click,Chrome 61.0.3163.100,\u0E01\u0E14\u0E23\u0E38\u0E1B\u0E42\u0E1B\u0E23\u0E44\u0E1F\u0E25\u0E4C\u0E21\u0E38\u0E21\u0E14\u0E49\u0E32\u0E19\u0E1A\u0E19\u0E02\u0E27\u0E32,2560-11-07 13:36:12,2560-11-07 13:36:12,0.092s,PASSED
click,Chrome 61.0.3163.100,\u0E01\u0E14\u0E1B\u0E38\u0E48\u0E21 Logout,2560-11-07 13:36:12,2560-11-07 13:36:12,0.138s,PASSED
click,Chrome 61.0.3163.100,Login,2560-11-07 13:36:12,2560-11-07 13:36:13,0.171s,PASSED
setText,Chrome 61.0.3163.100,Login,2560-11-07 13:36:13,2560-11-07 13:36:13,0.177s,PASSED
setText,Chrome 61.0.3163.100,Login,2560-11-07 13:36:13,2560-11-07 13:36:13,0.132s,PASSED
submit,Chrome 61.0.3163.100,Login,2560-11-07 13:36:13,2560-11-07 13:36:13,0.098s,PASSED
verifyElementPresent,Chrome 61.0.3163.100,\u0E15\u0E23\u0E27\u0E08\u0E2A\u0E2D\u0E1A\u0E40\u0E21\u0E19\u0E39\u0E1B\u0E23\u0E32\u0E01\u0E0E\u0E2B\u0E25\u0E31\u0E07\u0E40\u0E02\u0E49\u0E32\u0E2A\u0E39\u0E48\u0E23\u0E30\u0E1A\u0E1A\u0E40\u0E2A\u0E23\u0E47\u0E08\u0E2A\u0E34\u0E49\u0E19,2560-11-07 13:36:13,2560-11-07 13:36:14,0.538s,PASSED
click,Chrome 61.0.3163.100,\u0E01\u0E14\u0E23\u0E38\u0E1B\u0E42\u0E1B\u0E23\u0E44\u0E1F\u0E25\u0E4C\u0E21\u0E38\u0E21\u0E14\u0E49\u0E32\u0E19\u0E1A\u0E19\u0E02\u0E27\u0E32,2560-11-07 13:36:14,2560-11-07 13:36:14,0.074s,PASSED
click,Chrome 61.0.3163.100,\u0E01\u0E14\u0E25\u0E34\u0E49\u0E07 Edit profile,2560-11-07 13:36:14,2560-11-07 13:36:14,0.134s,PASSED
setText,Chrome 61.0.3163.100,\u0E01\u0E23\u0E2D\u0E01\u0E23\u0E2B\u0E31\u0E2A\u0E1C\u0E48\u0E32\u0E19\u0E40\u0E14\u0E34\u0E21,2560-11-07 13:36:14,2560-11-07 13:36:14,0.208s,PASSED
setText,Chrome 61.0.3163.100,\u0E01\u0E23\u0E2D\u0E01\u0E23\u0E2B\u0E31\u0E2A\u0E1C\u0E48\u0E32\u0E19\u0E43\u0E2B\u0E21\u0E48,2560-11-07 13:36:14,2560-11-07 13:36:14,0.136s,PASSED
setText,Chrome 61.0.3163.100,\u0E01\u0E23\u0E2D\u0E01\u0E22\u0E37\u0E19\u0E22\u0E31\u0E19\u0E23\u0E2B\u0E31\u0E2A\u0E1C\u0E48\u0E32\u0E19,2560-11-07 13:36:14,2560-11-07 13:36:15,0.646s,PASSED
click,Chrome 61.0.3163.100,\u0E01\u0E14\u0E1B\u0E38\u0E48\u0E21 Submit,2560-11-07 13:36:15,2560-11-07 13:36:15,0.359s,PASSED
verifyElementPresent,Chrome 61.0.3163.100,\u0E22\u0E37\u0E19\u0E22\u0E31\u0E19\u0E01\u0E32\u0E23\u0E41\u0E08\u0E49\u0E07\u0E40\u0E15\u0E37\u0E2D\u0E19 Edit Profile Successful,2560-11-07 13:36:15,2560-11-07 13:36:16,0.561s,PASSED
click,Chrome 61.0.3163.100,\u0E1B\u0E34\u0E14\u0E2B\u0E19\u0E49\u0E32\u0E15\u0E48\u0E32\u0E07\u0E41\u0E08\u0E49\u0E07\u0E40\u0E15\u0E37\u0E2D\u0E19,2560-11-07 13:36:16,2560-11-07 13:36:18,2.109s,PASSED
click,Chrome 61.0.3163.100,\u0E01\u0E14\u0E23\u0E38\u0E1B\u0E42\u0E1B\u0E23\u0E44\u0E1F\u0E25\u0E4C\u0E21\u0E38\u0E21\u0E14\u0E49\u0E32\u0E19\u0E1A\u0E19\u0E02\u0E27\u0E32,2560-11-07 13:36:18,2560-11-07 13:36:18,0.120s,PASSED
click,Chrome 61.0.3163.100,\u0E01\u0E14\u0E1B\u0E38\u0E48\u0E21 Logout,2560-11-07 13:36:18,2560-11-07 13:36:18,0.111s,PASSED
click,Chrome 61.0.3163.100,Login,2560-11-07 13:36:18,2560-11-07 13:36:18,0.150s,PASSED
setText,Chrome 61.0.3163.100,Login,2560-11-07 13:36:18,2560-11-07 13:36:18,0.134s,PASSED
setText,Chrome 61.0.3163.100,Login,2560-11-07 13:36:18,2560-11-07 13:36:18,0.111s,PASSED
submit,Chrome 61.0.3163.100,Login,2560-11-07 13:36:18,2560-11-07 13:36:18,0.036s,PASSED
verifyElementPresent,Chrome 61.0.3163.100,\u0E15\u0E23\u0E27\u0E08\u0E2A\u0E2D\u0E1A\u0E40\u0E21\u0E19\u0E39\u0E1B\u0E23\u0E32\u0E01\u0E0E\u0E2B\u0E25\u0E31\u0E07\u0E40\u0E02\u0E49\u0E32\u0E2A\u0E39\u0E48\u0E23\u0E30\u0E1A\u0E1A\u0E40\u0E2A\u0E23\u0E47\u0E08\u0E2A\u0E34\u0E49\u0E19,2560-11-07 13:36:18,2560-11-07 13:36:19,0.523s,PASSED
closeBrowser,Chrome 61.0.3163.100,,2560-11-07 13:36:19,2560-11-07 13:36:19,0.001s,NOT_RUN
,,,,,,
Test Cases/3. Menu Text Prediction/Upload File with labelling,Chrome 61.0.3163.100,,2560-11-07 13:36:19,2560-11-07 13:36:40,21.417s,PASSED
openBrowser,Chrome 61.0.3163.100,\u0E40\u0E1B\u0E34\u0E14\u0E1A\u0E23\u0E32\u0E27\u0E40\u0E0B\u0E2D\u0E23\u0E4C,2560-11-07 13:36:19,2560-11-07 13:36:19,0.001s,NOT_RUN
maximizeWindow,Chrome 61.0.3163.100,\u0E02\u0E22\u0E32\u0E22\u0E2B\u0E19\u0E49\u0E32\u0E15\u0E48\u0E32\u0E07\u0E40\u0E1A\u0E23\u0E32\u0E40\u0E0B\u0E2D\u0E23\u0E4C,2560-11-07 13:36:19,2560-11-07 13:36:19,0.000s,NOT_RUN
navigateToUrl,Chrome 61.0.3163.100,\u0E40\u0E02\u0E49\u0E32\u0E2A\u0E39\u0E48 URL,2560-11-07 13:36:19,2560-11-07 13:36:19,0.000s,NOT_RUN
click,Chrome 61.0.3163.100,\u0E01\u0E14\u0E1B\u0E38\u0E48\u0E21\u0E40\u0E1E\u0E37\u0E48\u0E2D\u0E17\u0E33\u0E01\u0E32\u0E23 Login,2560-11-07 13:36:19,2560-11-07 13:36:19,0.000s,NOT_RUN
setText,Chrome 61.0.3163.100,\u0E01\u0E23\u0E2D\u0E01 Username,2560-11-07 13:36:19,2560-11-07 13:36:19,0.000s,NOT_RUN
setText,Chrome 61.0.3163.100,\u0E01\u0E23\u0E2D\u0E01 Password,2560-11-07 13:36:19,2560-11-07 13:36:19,0.001s,NOT_RUN
click,Chrome 61.0.3163.100,\u0E01\u0E14\u0E1B\u0E38\u0E48\u0E21 Login,2560-11-07 13:36:19,2560-11-07 13:36:19,0.000s,NOT_RUN
click,Chrome 61.0.3163.100,\u0E01\u0E14\u0E40\u0E25\u0E37\u0E2D\u0E01\u0E40\u0E21\u0E19\u0E39 Text Prediction ,2560-11-07 13:36:19,2560-11-07 13:36:19,0.188s,PASSED
click,Chrome 61.0.3163.100,\u0E01\u0E14\u0E40\u0E25\u0E37\u0E2D\u0E01\u0E40\u0E21\u0E19\u0E39 Upkoad File,2560-11-07 13:36:19,2560-11-07 13:36:19,0.157s,PASSED
verifyElementNotClickable,Chrome 61.0.3163.100,\u0E15\u0E23\u0E27\u0E08\u0E2A\u0E2D\u0E1A\u0E1B\u0E38\u0E48\u0E21 Upload \u0E44\u0E21\u0E48\u0E2A\u0E32\u0E21\u0E32\u0E23\u0E16\u0E01\u0E14\u0E44\u0E14\u0E49,2560-11-07 13:36:19,2560-11-07 13:36:20,0.690s,PASSED
uploadFile,Chrome 61.0.3163.100,\u0E25\u0E2D\u0E07\u0E42\u0E2B\u0E25\u0E14\u0E44\u0E1F\u0E25\u0E4C\u0E17\u0E35\u0E48\u0E40\u0E1B\u0E47\u0E19\u0E23\u0E39\u0E1B\u0E20\u0E32\u0E1E,2560-11-07 13:36:20,2560-11-07 13:36:20,0.057s,PASSED
waitForElementClickable,Chrome 61.0.3163.100,\u0E23\u0E2D\u0E43\u0E2B\u0E49\u0E1B\u0E38\u0E48\u0E21 Upload \u0E2A\u0E32\u0E21\u0E32\u0E23\u0E16\u0E01\u0E14\u0E44\u0E14\u0E49,2560-11-07 13:36:20,2560-11-07 13:36:20,0.264s,PASSED
click,Chrome 61.0.3163.100,\u0E01\u0E14\u0E1B\u0E38\u0E48\u0E21 Upload,2560-11-07 13:36:20,2560-11-07 13:36:21,0.112s,PASSED
waitForElementClickable,Chrome 61.0.3163.100,\u0E23\u0E2D\u0E43\u0E2B\u0E49\u0E41\u0E16\u0E1A\u0E01\u0E32\u0E23\u0E14\u0E33\u0E40\u0E19\u0E34\u0E19\u0E01\u0E32\u0E23\u0E2B\u0E32\u0E22,2560-11-07 13:36:21,2560-11-07 13:36:21,0.088s,PASSED
verifyElementPresent,Chrome 61.0.3163.100,\u0E15\u0E23\u0E27\u0E08\u0E2A\u0E2D\u0E1A\u0E01\u0E32\u0E23\u0E41\u0E2A\u0E14\u0E07 pop up \u0E2A\u0E35\u0E41\u0E14\u0E07 \u0E41\u0E25\u0E30\u0E02\u0E49\u0E2D\u0E04\u0E27\u0E32\u0E21 File Not Type of Excel,2560-11-07 13:36:21,2560-11-07 13:36:21,0.596s,PASSED
click,Chrome 61.0.3163.100,\u0E01\u0E14\u0E1B\u0E38\u0E48\u0E21\u0E1B\u0E34\u0E14 pop up,2560-11-07 13:36:21,2560-11-07 13:36:21,0.101s,PASSED
waitForElementNotPresent,Chrome 61.0.3163.100,\u0E23\u0E2D\u0E43\u0E2B\u0E49 pop up \u0E2A\u0E35\u0E41\u0E14\u0E07 \u0E41\u0E25\u0E30\u0E02\u0E49\u0E2D\u0E04\u0E27\u0E32\u0E21 File Not Type of Excel \u0E2B\u0E32\u0E22\u0E44\u0E1B,2560-11-07 13:36:21,2560-11-07 13:36:22,0.588s,PASSED
uploadFile,Chrome 61.0.3163.100,\u0E25\u0E2D\u0E07\u0E42\u0E2B\u0E25\u0E14\u0E44\u0E1F\u0E25\u0E4C excel \u0E17\u0E35\u0E48\u0E44\u0E21\u0E48\u0E16\u0E39\u0E01\u0E23\u0E39\u0E1B\u0E41\u0E1A\u0E1A,2560-11-07 13:36:22,2560-11-07 13:36:22,0.035s,PASSED
waitForElementClickable,Chrome 61.0.3163.100,\u0E23\u0E2D\u0E43\u0E2B\u0E49\u0E1B\u0E38\u0E48\u0E21 Upload \u0E2A\u0E32\u0E21\u0E32\u0E23\u0E16\u0E01\u0E14\u0E44\u0E14\u0E49,2560-11-07 13:36:22,2560-11-07 13:36:22,0.035s,PASSED
click,Chrome 61.0.3163.100,\u0E01\u0E14\u0E1B\u0E38\u0E48\u0E21 Upload,2560-11-07 13:36:22,2560-11-07 13:36:22,0.073s,PASSED
waitForElementNotPresent,Chrome 61.0.3163.100,\u0E23\u0E2D\u0E43\u0E2B\u0E49\u0E41\u0E16\u0E1A\u0E14\u0E33\u0E40\u0E19\u0E34\u0E19\u0E01\u0E32\u0E23\u0E2B\u0E32\u0E22\u0E44\u0E1B,2560-11-07 13:36:22,2560-11-07 13:36:23,1.056s,PASSED
click,Chrome 61.0.3163.100,\u0E01\u0E14\u0E1B\u0E38\u0E48\u0E21\u0E1B\u0E34\u0E14\u0E01\u0E32\u0E23\u0E41\u0E08\u0E49\u0E07\u0E40\u0E15\u0E37\u0E2D\u0E19\u0E01\u0E23\u0E13\u0E35 API \u0E1C\u0E34\u0E14\u0E1E\u0E25\u0E32\u0E14,2560-11-07 13:36:23,2560-11-07 13:36:23,0.000s,NOT_RUN
selectOptionByIndex,Chrome 61.0.3163.100,\u0E40\u0E25\u0E37\u0E2D\u0E01\u0E1B\u0E23\u0E30\u0E40\u0E20\u0E17 sheet,2560-11-07 13:36:23,2560-11-07 13:36:23,0.202s,PASSED
waitForElementPresent,Chrome 61.0.3163.100,\u0E23\u0E2D\u0E43\u0E2B\u0E49\u0E01\u0E32\u0E23\u0E41\u0E08\u0E49\u0E07\u0E40\u0E15\u0E37\u0E2D\u0E19\u0E1B\u0E23\u0E32\u0E01\u0E0E,2560-11-07 13:36:23,2560-11-07 13:36:26,3.177s,PASSED
verifyElementPresent,Chrome 61.0.3163.100,\u0E15\u0E23\u0E27\u0E08\u0E2A\u0E2D\u0E1A\u0E01\u0E32\u0E23\u0E41\u0E2A\u0E14\u0E07 pop up \u0E2A\u0E35\u0E41\u0E14\u0E07 \u0E41\u0E25\u0E30\u0E02\u0E49\u0E2D\u0E04\u0E27\u0E32\u0E21 File Not Type of Excel,2560-11-07 13:36:26,2560-11-07 13:36:27,0.057s,PASSED
click,Chrome 61.0.3163.100,\u0E01\u0E14\u0E1B\u0E38\u0E48\u0E21\u0E1B\u0E34\u0E14\u0E01\u0E32\u0E23\u0E41\u0E08\u0E49\u0E07\u0E40\u0E15\u0E37\u0E2D\u0E19,2560-11-07 13:36:27,2560-11-07 13:36:27,0.095s,PASSED
waitForElementNotPresent,Chrome 61.0.3163.100,\u0E23\u0E2D\u0E43\u0E2B\u0E49 pop up \u0E2A\u0E35\u0E41\u0E14\u0E07 \u0E41\u0E25\u0E30\u0E02\u0E49\u0E2D\u0E04\u0E27\u0E32\u0E21 File Not Type of Excel \u0E2B\u0E32\u0E22\u0E44\u0E1B,2560-11-07 13:36:27,2560-11-07 13:36:27,0.033s,PASSED
uploadFile,Chrome 61.0.3163.100,\u0E25\u0E2D\u0E07\u0E42\u0E2B\u0E25\u0E14\u0E44\u0E1F\u0E25\u0E4C excel \u0E17\u0E35\u0E48\u0E44\u0E21\u0E48\u0E16\u0E39\u0E01\u0E23\u0E39\u0E1B\u0E41\u0E1A\u0E1A,2560-11-07 13:36:27,2560-11-07 13:36:27,0.221s,PASSED
waitForElementClickable,Chrome 61.0.3163.100,\u0E23\u0E2D\u0E43\u0E2B\u0E49\u0E1B\u0E38\u0E48\u0E21 Upload \u0E2A\u0E32\u0E21\u0E32\u0E23\u0E16\u0E01\u0E14\u0E44\u0E14\u0E49,2560-11-07 13:36:27,2560-11-07 13:36:27,0.026s,PASSED
click,Chrome 61.0.3163.100,\u0E01\u0E14\u0E1B\u0E38\u0E48\u0E21 Upload,2560-11-07 13:36:27,2560-11-07 13:36:27,0.402s,PASSED
waitForElementNotPresent,Chrome 61.0.3163.100,\u0E23\u0E2D\u0E43\u0E2B\u0E49\u0E41\u0E16\u0E1A\u0E14\u0E33\u0E40\u0E19\u0E34\u0E19\u0E01\u0E32\u0E23\u0E2B\u0E32\u0E22\u0E44\u0E1B,2560-11-07 13:36:27,2560-11-07 13:36:28,1.038s,PASSED
click,Chrome 61.0.3163.100,\u0E01\u0E14\u0E1B\u0E38\u0E48\u0E21\u0E1B\u0E34\u0E14\u0E01\u0E32\u0E23\u0E41\u0E08\u0E49\u0E07\u0E40\u0E15\u0E37\u0E2D\u0E19\u0E01\u0E23\u0E13\u0E35 API \u0E1C\u0E34\u0E14\u0E1E\u0E25\u0E32\u0E14,2560-11-07 13:36:28,2560-11-07 13:36:28,0.000s,NOT_RUN
selectOptionByIndex,Chrome 61.0.3163.100,\u0E40\u0E25\u0E37\u0E2D\u0E01\u0E1B\u0E23\u0E30\u0E40\u0E20\u0E17 sheet,2560-11-07 13:36:28,2560-11-07 13:36:28,0.087s,PASSED
waitForElementPresent,Chrome 61.0.3163.100,\u0E23\u0E2D\u0E43\u0E2B\u0E49\u0E01\u0E32\u0E23\u0E41\u0E08\u0E49\u0E07\u0E40\u0E15\u0E37\u0E2D\u0E19\u0E1B\u0E23\u0E32\u0E01\u0E0E,2560-11-07 13:36:28,2560-11-07 13:36:32,3.155s,PASSED
verifyElementPresent,Chrome 61.0.3163.100,\u0E15\u0E23\u0E27\u0E08\u0E2A\u0E2D\u0E1A\u0E01\u0E32\u0E23\u0E41\u0E08\u0E49\u0E07\u0E40\u0E15\u0E37\u0E2D\u0E19 Your file is not verified,2560-11-07 13:36:32,2560-11-07 13:36:32,0.129s,PASSED
click,Chrome 61.0.3163.100,\u0E01\u0E14\u0E1B\u0E38\u0E48\u0E21\u0E1B\u0E34\u0E14\u0E01\u0E32\u0E23\u0E41\u0E08\u0E49\u0E07\u0E40\u0E15\u0E37\u0E2D\u0E19,2560-11-07 13:36:32,2560-11-07 13:36:32,0.094s,PASSED
waitForElementNotPresent,Chrome 61.0.3163.100,\u0E23\u0E2D\u0E43\u0E2B\u0E49\u0E01\u0E32\u0E23\u0E41\u0E08\u0E49\u0E07\u0E40\u0E15\u0E37\u0E2D\u0E19\u0E2B\u0E32\u0E22\u0E44\u0E1B,2560-11-07 13:36:32,2560-11-07 13:36:32,0.018s,PASSED
uploadFile,Chrome 61.0.3163.100,\u0E42\u0E2B\u0E25\u0E14\u0E44\u0E1F\u0E25\u0E4C Label,2560-11-07 13:36:32,2560-11-07 13:36:32,0.035s,PASSED
waitForElementClickable,Chrome 61.0.3163.100,\u0E23\u0E2D\u0E43\u0E2B\u0E49\u0E1B\u0E38\u0E48\u0E21 Upload \u0E2A\u0E32\u0E21\u0E32\u0E23\u0E16\u0E01\u0E14\u0E44\u0E14\u0E49,2560-11-07 13:36:32,2560-11-07 13:36:32,0.038s,PASSED
click,Chrome 61.0.3163.100,\u0E01\u0E14\u0E1B\u0E38\u0E48\u0E21 Upload,2560-11-07 13:36:32,2560-11-07 13:36:32,0.229s,PASSED
waitForElementNotPresent,Chrome 61.0.3163.100,\u0E23\u0E2D\u0E43\u0E2B\u0E49\u0E41\u0E16\u0E1A\u0E14\u0E33\u0E40\u0E19\u0E34\u0E19\u0E01\u0E32\u0E23\u0E2B\u0E32\u0E22\u0E44\u0E1B,2560-11-07 13:36:32,2560-11-07 13:36:34,2.061s,PASSED
selectOptionByIndex,Chrome 61.0.3163.100,\u0E40\u0E25\u0E37\u0E2D\u0E01\u0E1B\u0E23\u0E30\u0E40\u0E20\u0E17 sheet,2560-11-07 13:36:34,2560-11-07 13:36:34,0.119s,PASSED
waitForElementPresent,Chrome 61.0.3163.100,\u0E23\u0E2D\u0E43\u0E2B\u0E49\u0E01\u0E32\u0E23\u0E41\u0E08\u0E49\u0E07\u0E40\u0E15\u0E37\u0E2D\u0E19\u0E1B\u0E23\u0E32\u0E01\u0E0E\u0E02\u0E36\u0E49\u0E19\u0E21\u0E32,2560-11-07 13:36:34,2560-11-07 13:36:39,4.716s,PASSED
verifyElementPresent,Chrome 61.0.3163.100,\u0E15\u0E23\u0E27\u0E08\u0E2A\u0E2D\u0E1A\u0E01\u0E32\u0E23\u0E41\u0E08\u0E49\u0E07\u0E40\u0E15\u0E37\u0E2D\u0E19 Your file is verified,2560-11-07 13:36:39,2560-11-07 13:36:39,0.071s,PASSED
click,Chrome 61.0.3163.100,\u0E01\u0E14\u0E1B\u0E34\u0E14\u0E01\u0E32\u0E23\u0E41\u0E08\u0E49\u0E07\u0E40\u0E15\u0E37\u0E2D\u0E19,2560-11-07 13:36:39,2560-11-07 13:36:39,0.095s,PASSED
waitForElementNotPresent,Chrome 61.0.3163.100,\u0E23\u0E2D\u0E43\u0E2B\u0E49\u0E01\u0E32\u0E23\u0E41\u0E08\u0E49\u0E07\u0E40\u0E15\u0E37\u0E2D\u0E19\u0E2B\u0E32\u0E22\u0E44\u0E1B,2560-11-07 13:36:39,2560-11-07 13:36:40,0.578s,PASSED
waitForElementPresent,Chrome 61.0.3163.100,\u0E23\u0E2D\u0E43\u0E2B\u0E49\u0E2A\u0E31\u0E0D\u0E25\u0E31\u0E01\u0E29\u0E13\u0E4C\u0E40\u0E04\u0E23\u0E37\u0E48\u0E2D\u0E07\u0E2B\u0E21\u0E32\u0E22\u0E16\u0E39\u0E01\u0E15\u0E49\u0E2D\u0E07\u0E2A\u0E35\u0E40\u0E02\u0E35\u0E22\u0E27\u0E41\u0E2A\u0E14\u0E07,2560-11-07 13:36:40,2560-11-07 13:36:40,0.037s,PASSED
click,Chrome 61.0.3163.100,\u0E01\u0E14\u0E1B\u0E38\u0E48\u0E21 Preview,2560-11-07 13:36:40,2560-11-07 13:36:40,0.184s,PASSED
verifyElementPresent,Chrome 61.0.3163.100,\u0E15\u0E23\u0E27\u0E08\u0E2A\u0E2D\u0E1A\u0E01\u0E32\u0E23\u0E41\u0E2A\u0E14\u0E07\u0E1C\u0E25\u0E2B\u0E25\u0E31\u0E07\u0E08\u0E32\u0E01\u0E01\u0E14\u0E1B\u0E38\u0E48\u0E21 preview,2560-11-07 13:36:40,2560-11-07 13:36:40,0.118s,PASSED
click,Chrome 61.0.3163.100,\u0E1B\u0E34\u0E14\u0E2B\u0E19\u0E49\u0E32 preview,2560-11-07 13:36:40,2560-11-07 13:36:40,0.119s,PASSED
scrollToElement,Chrome 61.0.3163.100,\u0E40\u0E25\u0E37\u0E48\u0E2D\u0E19\u0E2B\u0E19\u0E49\u0E32\u0E15\u0E48\u0E32\u0E07\u0E21\u0E32\u0E22\u0E31\u0E07\u0E1B\u0E38\u0E48\u0E21 Start,2560-11-07 13:36:40,2560-11-07 13:36:40,0.046s,PASSED
click,Chrome 61.0.3163.100,\u0E01\u0E14\u0E1B\u0E38\u0E48\u0E21 start,2560-11-07 13:36:40,2560-11-07 13:36:40,0.100s,PASSED
waitForElementNotPresent,Chrome 61.0.3163.100,\u0E23\u0E2D\u0E08\u0E19\u0E01\u0E27\u0E48\u0E32\u0E08\u0E30\u0E42\u0E2B\u0E25\u0E14\u0E40\u0E2A\u0E23\u0E47\u0E08,2560-11-07 13:36:40,2560-11-07 13:36:40,0.058s,PASSED
verifyElementPresent,Chrome 61.0.3163.100,\u0E15\u0E23\u0E27\u0E08\u0E2A\u0E2D\u0E1A\u0E01\u0E32\u0E23\u0E41\u0E2A\u0E14\u0E07\u0E02\u0E49\u0E2D\u0E21\u0E39\u0E25\u0E17\u0E35\u0E48 predict,2560-11-07 13:36:40,2560-11-07 13:36:40,0.001s,NOT_RUN
closeBrowser,Chrome 61.0.3163.100,\u0E1B\u0E34\u0E14\u0E1A\u0E23\u0E32\u0E27\u0E40\u0E0B\u0E2D\u0E23\u0E4C,2560-11-07 13:36:40,2560-11-07 13:36:40,0.000s,NOT_RUN
